App,review_date,review_description,rating,thumbsUpCount,developer_response,developer_response_date,appVersion,review_month,rating_band,half_year,ai_category,ai_reason
Zomato,2022-04-22 15:40:25,"Worst Customer Service Ever, never buy Zomato Pro, Go instead with Swiggy. They looted me twice by delivering different order and then giving no response.",1,0,"Hi there, please write to us at psreviewsupport@zomato.com so that we can check where exactly things went wrong and assist you accordingly.",2022-04-23 08:00:22,,2022-04,1star,2022-H1,Customer Support Experience,no response after order mix-up
Zomato,2022-02-28 18:41:37,"No customer service replies, wrong number of restaurants on their app, 1.5 hours to deliver a couple of salads to a place located literally 5 min away by car!!",1,0,"Hi there, sorry to hear about that. Please write to us at psreviewsupport@zomato.com and we'll reach out to you at the earliest.",2022-02-28 19:08:24,16.3.5,2022-02,1star,2022-H1,Delivery Time/Delay,1.5 hours for 5 min distance
Zomato,2022-04-04 08:23:46,Pathetically delay in service each time. All the time the support team says we are sorry for that. Doesn't even care to improve the service,1,0,"Hi Tanmay, we are really sorry for the bad experience. Please write to us at psreviewsupport@zomato.com and we'll get this checked immediately.",2022-04-04 14:25:36,,2022-04,1star,2022-H1,Delivery Time/Delay,"repeated delay, no improvement"
Zomato,2022-05-12 18:39:03,"It's very funny ,the address what I have written is correct. but, the address shown by Zomato on the map is different and then they cancel the order and told me that they are blocking my account then they don't do it what is happening here 🤣",1,0,"Hi there, sorry to hear about that. Please write to us at psreviewsupport@zomato.com and we'll reach out to you at the earliest.",2022-05-13 08:04:24,,2022-05,1star,2022-H1,App Technical Issues,incorrect map address causing cancellation
Zomato,2022-03-04 21:07:12,"I been a customer of zomato pro plus i find that its totally scam, at first it use to give us fair deals as i keep ordering daily 3 times they reduced my offers instead and also been a pro plus customer costs a lot than ordering from swiggy without any subscription. But one thing i really appreciate about zomato is that earlier it use to handle customers very smoothly but as if now i think its reputation is gone.",1,1,"Hi Zeeshan, sorry to hear about that. Please write to us at psreviewsupport@zomato.com and we'll reach out to you at the earliest.",2022-03-07 14:06:30,16.3.6,2022-03,1star,2022-H1,"Pricing, Charges & Refunds","Pro membership offers reduced, feels like scam"
Zomato,2022-06-05 15:51:55,It's too late delivered pizza and pizza is very cool so tasteless it's very bad 😔,1,0,"Hi Rajesh, we are really sorry for the bad experience. Please write to us at psreviewsupport@zomato.com and we'll get this checked immediately.",2022-06-06 15:07:01,,2022-06,1star,2022-H1,Delivery Time/Delay,"late delivery, food went cold"
Zomato,2022-02-14 17:56:31,"Too much of branding yet so less on providing quality service. Never delivers on time for which the customers cant claim the so called ""On time delivery or free"" offer. Very much annoyed by their aggressive ads everywhere. Hope they would have worked so aggressively on improving their services.",1,5,"Hi Aviper, we are really sorry for the bad experience. Please write to us at psreviewsupport@zomato.com and we'll get this checked immediately.",2022-02-19 13:09:29,16.2.9,2022-02,1star,2022-H1,Delivery Time/Delay,never delivers on time despite guarantee
Zomato,2022-05-04 15:35:30,Simple worst app..either Zomato is dictating the terms or the restaurant...and who is ...the customer...bunch of mediocres at both ends,1,0,"Hi Tony, sorry to hear about that. Please write to us at psreviewsupport@zomato.com and we'll reach out to you at the earliest.",2022-05-13 09:31:06,16.4.9,2022-05,1star,2022-H1,Other/Not Categorizable,"vague complaint, no specific issue"
Zomato,2022-06-26 13:54:17,This is first time I ordered from zomato and have bad experience. Waiting for Foo from past 1 hour 20 min. No one is responding to call or chat. Unable to cancel,1,0,"Hi Reshma, sorry to hear about that. Please write to us at psreviewsupport@zomato.com and we'll reach out to you at the earliest.",2022-06-26 15:28:41,16.5.6,2022-06,1star,2022-H1,Delivery Time/Delay,"1hr20 wait, unable to cancel"
Zomato,2022-03-29 20:18:59,Previously app was good but now they are not providing good quality food.not even taking responsibility there restaurant fault.i contacted Zomato chat support.they also not helping.,1,0,"Hi Hirak, please write to us at psreviewsupport@zomato.com & we'll look into this asap. We also encourage you to share your feedback with the restaurant, by writing a review on Zomato.",2022-03-30 14:30:10,16.2.3,2022-03,1star,2022-H1,Restaurant/Food Quality,"declining food quality, restaurant fault"
Zomato,2022-03-12 17:49:57,Worst experience. Last 12 days everyday the order is getting delayed....by 20-25 mins...Zomato in mentally harassing people. Worst delivery service I have ever seen.,1,0,"Hi Rohit, we are really sorry for the bad experience. Please write to us at psreviewsupport@zomato.com and we'll get this checked immediately.",2022-03-14 09:11:02,16.3.8,2022-03,1star,2022-H1,Delivery Time/Delay,daily 20-25 min delays for 12 days
Zomato,2022-04-25 17:27:11,Bad customer care service.. extremely high rates on each item.,1,0,"Hi there, we are really sorry for the bad experience. Please write to us at psreviewsupport@zomato.com and we'll get this checked immediately.",2022-04-26 10:11:39,,2022-04,1star,2022-H1,Customer Support Experience,bad customer care cited first
Zomato,2022-06-17 10:06:32,Foods rate very different compair to Same hotel.. Zomato taking Too much extra amount from customer.....,1,0,,,16.3.7,2022-06,1star,2022-H1,"Pricing, Charges & Refunds",overcharging vs restaurant price
Zomato,2022-03-07 08:09:48,Very slow update app,1,0,"Hi Viji, apologies for the inconvenience caused. Kindly write to us at help@zomato.com (with screenshots, if possible) and our team will reach out to you. We’d love to have you back on the app again.",2022-03-07 15:29:13,,2022-03,1star,2022-H1,App Technical Issues,app is slow to update
Zomato,2022-04-24 17:34:48,They dont deliver entire parcel for which the order is placed for. Also after calling them they keep u on hold and then later cut the call. Fraudulent and doing scam.,1,0,"Hi there, sorry to hear about that. Please write to us at psreviewsupport@zomato.com & we'll immediately bring this to the notice of the restaurant and help address your concern at the earliest.",2022-04-24 19:20:21,16.4.5,2022-04,1star,2022-H1,Order Accuracy,"incomplete parcel, held on call"
Zomato,2022-05-08 12:07:32,"Why does your delivery partner can't see the number when I select ""Order for other"" option. This happens with me everytime I order",1,0,"Hi Gopal, we are really sorry for the bad experience. Please write to us at psreviewsupport@zomato.com and we'll get this checked immediately.",2022-05-17 07:14:24,16.4.9,2022-05,1star,2022-H1,App Technical Issues,"delivery partner can't see number, app bug"
Zomato,2022-05-19 17:51:13,No option of customer care everytime u try to chat it says ur issue resolved,1,0,"Hi there, we're sorry to hear that. We are constantly working to improve our support infrastructure. It would be great if you can share your concern at psreviewsupport@zomato.com, so we can address the same on priority.",2022-05-23 13:14:57,16.4.8,2022-05,1star,2022-H1,Customer Support Experience,chat auto-closes without resolving
Zomato,2022-06-02 17:03:27,"Worst experience i placed the order but haven't received and got the notification of ordered delivered, i tried to contact the delivery guy but he was not reachable, i contact to support for refund i told him i need my refund in my bank account but he credited in Zomato credits, in last i haven't received my order as well money in my bank account. disappointed by the service from zomato. don't hire such delivery guy's who don't even have courtesy to contact and put the wrong status.",1,0,"Hi there, sorry to hear about that. Please write to us at psreviewsupport@zomato.com and we'll reach out to you at the earliest.",2022-06-02 23:46:09,16.5.0,2022-06,1star,2022-H1,Delivery Time/Delay,marked delivered but not received
Zomato,2022-02-27 07:39:29,I had placed an order from ovenstory they had canceled my order for which I had received a message from ovenstory but zomato did not cancel my order on their app nor my money was refunded back very bad,1,0,"Hi Sana, we extend our sincere apologies for the inconvenience caused to you. We'd request you to kindly write to us at psreviewsupport@zomato.com and we'll reach out to you immediately so as to resolve this.",2022-02-27 09:17:12,16.3.5,2022-02,1star,2022-H1,"Pricing, Charges & Refunds",order not cancelled/refunded properly
Zomato,2022-11-26 08:59:54,Food was not good at everytime I've ordered from it.,1,0,"Hi there, we are really sorry for the bad experience. Please write to us at psreviewsupport@zomato.com and we'll get this checked immediately.",2022-11-26 09:20:13,17.1.4,2022-11,1star,2022-H2,Restaurant/Food Quality,consistently bad food
Zomato,2022-12-06 19:54:53,All the Big Brand become cheaters now days and they cheat there old and regular customer that's really sad. I might uninstalled the Zomato after this kind of operation and response. Please don't take payment if you're not able delivery food. I'm waiting for order since last 2 hours and no one is responding at all.,1,0,"Hi Monty, we are really sorry for the bad experience. Please write to us at psreviewsupport@zomato.com and we'll get this checked immediately.",2022-12-12 11:47:14,,2022-12,1star,2022-H2,Other/Not Categorizable,general distrust statement
Zomato,2022-10-23 16:51:40,"Worst experience i placed an order and i got a message that my orders has been cancelled and as cancellation fee everything was deducted. when i contact coustamer care they told me that u were unreachable so we cancelled but this is non sense, i waited in the location for hours and no one came by but my order got cancelled and i have to pay for not delivering order.",1,3,"Hi there, sorry to hear about that. Please write to us at psreviewsupport@zomato.com & we'll get this resolved ASAP.",2022-10-26 12:01:27,17.0.7,2022-10,1star,2022-H2,"Pricing, Charges & Refunds",cancellation fee deducted unfairly
Zomato,2022-07-20 15:58:02,Need to improve alot in B2C. Standards of customer experience require more focus and deep dive for better future,1,0,"Hi Pradeep , sorry to hear about that. Please write to us at psreviewsupport@zomato.com and we'll reach out to you at the earliest.",2022-07-20 17:33:32,16.4.9,2022-07,1star,2022-H2,Other/Not Categorizable,"generic feedback, no specific issue"
Zomato,2022-10-15 04:49:36,"The Customer Care agents are rude, unhelpful and unprofessional. They are untrained and nobody really cares about your issues/ feedback. They are trained robots/ parrots who'll keep repeating the same the lines that they understand everything but that's all a scam. If you want to escalate and speak with a manager - Sorry boss. The manager is not available to speak with you. It doesn't matter how much you spend. It don't matter if you're a pro plus member. They DONT care.",1,0,"Hi Garv, we're sorry to hear that. We are constantly working to improve our support infrastructure. It would be great if you can share your concern at psreviewsupport@zomato.com, so we can address the same on priority.",2022-10-15 15:41:21,17.0.5,2022-10,1star,2022-H2,Customer Support Experience,"rude, unhelpful, scripted agents"
Zomato,2022-10-05 14:53:31,I ordered food on 31st Aug and it's not delivered to 8PM 2nd September. Zomato ' standard reply since Delivery partner is not from Zomato so they can not track. They have so given me 68 Rs that I can use next time,1,0,"Hi there, we are really sorry for the bad experience. Please write to us at psreviewsupport@zomato.com and we'll get this checked immediately.",2022-09-02 16:31:02,17.0.4,2022-10,1star,2022-H2,Delivery Time/Delay,"multi-day delay, inadequate compensation"
Zomato,2022-08-19 14:58:30,I placed an order which I didn't receive and my money was not refunded. you never give money without taking food.avoid online payment on Zomato. Very bad app,1,0,"Hi there, we are really sorry for the bad experience. Please write to us at psreviewsupport@zomato.com and we'll get this checked immediately.",2022-08-19 12:56:05,16.5.9,2022-08,1star,2022-H2,"Pricing, Charges & Refunds","order not received, no refund"
Zomato,2022-08-27 07:44:50,Worst experience ever didn't expect this from zomato no delivery partner nearby for every resturant.,1,0,"Hi there, we are really sorry for the bad experience. Please write to us at psreviewsupport@zomato.com and we'll get this checked immediately.",2022-08-27 10:28:49,,2022-08,1star,2022-H2,Delivery Time/Delay,no delivery partners available nearby
Zomato,2022-10-14 11:40:26,Very poor service in jaipur very very bad experience please don't use zomoto app be careful,1,0,"Hi Rahul, sorry for the bad experience. Please write to us at psreviewsupport@zomato.com and we'll get this checked immediately.",2022-10-14 14:31:35,,2022-10,1star,2022-H2,Other/Not Categorizable,"vague, city-specific complaint"
Zomato,2022-08-18 21:50:45,They have are worse than swiggy in every way and thats includes costumer support. The costumer support is just like a bot saying that they are very sorry and they have no authority to resolve the issue,1,0,"Hi there, we're sorry to hear that. We are constantly working to improve our support infrastructure. It would be great if you can share your concern at psreviewsupport@zomato.com, so we can address the same on priority.",2022-08-19 06:24:04,16.4.8,2022-08,1star,2022-H2,Customer Support Experience,support compared unfavorably to competitor
Zomato,2022-11-22 19:16:17,Worst delivery service ever - happy its been shut down soon - the driver didnt follow the comments and the resturant is useless,1,0,"Hi there, we are really sorry for the bad experience. Please write to us at psreviewsupport@zomato.com and we'll get this checked immediately.",2022-11-23 14:11:35,17.1.3,2022-11,1star,2022-H2,Delivery Time/Delay,driver ignored delivery instructions
Zomato,2022-11-21 13:06:00,Worst experience to get an order. Customer support team is quite helpless,1,0,"Hi there, sorry to hear about that. Please write to us at psreviewsupport@zomato.com and we'll reach out to you at the earliest.",2022-11-22 14:25:53,17.0.7,2022-11,1star,2022-H2,Customer Support Experience,support described as helpless
Zomato,2022-09-18 14:57:58,"No contact no on app. Your deliveey person didnt call me and cancelled my order. Bad experienced, loss of money",1,0,"Hi Ajit, sorry for the bad experience. Please write to us at psreviewsupport@zomato.com and we'll get this checked immediately.",2022-09-24 06:48:19,17.0.2,2022-09,1star,2022-H2,Delivery Time/Delay,"delivery person didn't call, order cancelled"
Zomato,2022-12-27 15:07:16,Very bad experience. It doesn't provide offers on the orders which was shown on the site. After contacting them said the order has been placed and they can't do anything now. Then why show false offers on the site if they are not eligible to be fulfilled? & why charge service tax if they are not providing good services?,1,0,"Hi there, we are really sorry for the bad experience. Please write to us at psreviewsupport@zomato.com and we'll get this checked immediately.",2022-12-27 15:42:43,17.2.1,2022-12,1star,2022-H2,"Pricing, Charges & Refunds",offers shown but not honored
Zomato,2022-07-04 10:07:07,Cash on delivery isn't available for me coz of a delivery boy's fault 😒 he forgets to pickup the food from the restaurant... Really disappointed,1,0,"Hi there, sorry to hear about that. Please write to us at psreviewsupport@zomato.com and we'll reach out to you at the earliest.",2022-07-05 09:38:11,16.5.5,2022-07,1star,2022-H2,Payment/Transaction Issues,COD unavailable due to delivery error
Zomato,2022-11-12 08:42:15,One time discount and next order double price not useful app,1,0,"Hi there, sorry to hear about that. Please write to us at psreviewsupport@zomato.com and we'll reach out to you at the earliest.",2022-11-13 06:36:43,16.6.5,2022-11,1star,2022-H2,"Pricing, Charges & Refunds",price doubled after first order discount
Zomato,2022-11-20 20:45:46,Resturents are sending verry bad and old foods. We don't understand where it is made.. Sometimes we get stale food. The hotel's minimum standard of providing water with food is not being followed,1,0,"Hi there, we are really sorry for the bad experience. Please write to us at psreviewsupport@zomato.com and we'll get this checked immediately.",2022-11-21 11:30:06,17.1.3,2022-11,1star,2022-H2,Restaurant/Food Quality,stale/old food from restaurants
Zomato,2023-04-01 07:27:36,Going worst... No offers these days... Waste coupons also. Today also same experience. Need to get rid of this Zomato,1,0,"Hi there, sorry to hear about that. Please write to us at psreviewsupport@zomato.com and we'll reach out to you at the earliest.",2022-06-03 06:34:40,17.4.1,2023-04,1star,2023-H1,"Pricing, Charges & Refunds","fewer offers, coupons wasted"
Zomato,2023-02-27 15:03:18,"I've taken the gold membership. As per their terms they are supposed to give 100 coupon. Delivered 18 mins late. They say delivery guy reached 100 mtrs range close to my location, but delivered 18 mins late. App stops showing the location when close to delivery, no clue. Even the customer executive thier fault, still they claim it is on time. Disappointed with thier unprofessional behaviour. When you offer something it should be genuine.",1,3,"Hi there, we are really sorry for the bad experience. Please write to us at psreviewsupport@zomato.com and we'll get this checked immediately.",2023-03-03 09:05:57,17.3.6,2023-02,1star,2023-H1,Delivery Time/Delay,late delivery despite membership perks
Zomato,2023-01-18 17:51:35,Zomato is fraud . Already complaint given in consumer court as well as in food inspection committe. I have posted pictures and mail them.Delivery boys not available. Several times items were missing.i complaint the issues. But it was not rectified.service not good. I lost my patience several times. Better don't use this app . Sincere request all viewers,1,1,"Hi there, sorry to hear about that. Please write to us at psreviewsupport@zomato.com and we'll reach out to you at the earliest.",2023-01-19 08:06:21,17.2.7,2023-01,1star,2023-H1,Order Accuracy,"items missing, escalated to consumer court"
Zomato,2023-06-28 20:03:06,Always bad experience when you ordered the food you sit very Patiencely because Zomato send you always cold food and 1 hour delay delivery. Delivery partner not picking up call even not replying any message Zomato customer service executive very unresponsive they only say sorry for delay and turned off the chat not a single person of Zomato to listen your complain and not solving it. Very bad,1,1,,,17.5.6,2023-06,1star,2023-H1,Delivery Time/Delay,cold food and consistent 1hr delay
Zomato,2023-05-26 08:48:40,Do not use this app No option to call the customer service and no response from the restaurant,1,0,,,17.5.0,2023-05,1star,2023-H1,Customer Support Experience,no way to reach support
Zomato,2023-02-19 16:16:55,Not good and price are also too high according food so I never recommended any one to order food from Zomato and I purchased same food same restaurant in 120 and I see price on Zomato listing 320,1,0,"Hi Ravi , taxes & charges' include delivery fee, restaurant's packaging charges and GST. The amount is dependent on factors like delivery distance, restaurant's own charges, applicable discounts. Kindly click on the 'taxes & charges' button to view the details. Hope this helps address your concern.",2023-02-25 08:50:17,,2023-02,1star,2023-H1,"Pricing, Charges & Refunds",prices much higher than restaurant direct
Zomato,2023-06-23 19:15:28,One of the worst app in India. Because they don't have control on vendor food quality. Zomoto working for vendor commission and not for customer service. Now it's start with one person and end with zero ratings.,1,0,,,17.5.1,2023-06,1star,2023-H1,Restaurant/Food Quality,no control over vendor food quality
Zomato,2023-06-04 09:14:46,"I have faced the bad experience with the food ,and I convey my problem to the Zomato but they didn't respond accordingly and they didn't solve my issue... And I'm uninstalling this app because they didn't care for customer satisfaction",1,0,,,17.5.2,2023-06,1star,2023-H1,Restaurant/Food Quality,food issue unresolved by support
Zomato,2023-05-26 07:07:25,charging money for a not delivered product as penalty .....way to success #zomatoischindi!,1,1,,,17.5.1,2023-05,1star,2023-H1,"Pricing, Charges & Refunds",charged penalty for undelivered order
Zomato,2023-03-17 14:32:54,cant order from this app if u cancelled ur order then you cant get refund bad app,1,0,"Hi Ritik, sorry to hear about that. Please write to us at psreviewsupport@zomato.com and we'll reach out to you at the earliest.",2023-03-23 11:58:37,17.3.9,2023-03,1star,2023-H1,"Pricing, Charges & Refunds",no refund on cancellation
Zomato,2023-05-17 16:50:12,Distance 4 kms Estimated Time - 60 Mins Delivered in - 52 Mins Superfast Delivery - LOL Distance 1 km Estimated Time - 40 Mins Delivered in - 22 Mins Superfast Delivery - LOL,1,8,,,17.5.0,2023-05,1star,2023-H1,Delivery Time/Delay,delivery time estimates inconsistent
Zomato,2023-02-04 20:17:41,Very bad service. When i order on zomato they take 2 houre at night time after 2 hour they cancel my order,1,0,"Hi Ahmed, we are really sorry for the bad experience. Please write to us at psreviewsupport@zomato.com and we'll get this checked immediately.",2023-02-07 17:25:57,,2023-02,1star,2023-H1,Delivery Time/Delay,2hr wait then order cancelled
Zomato,2023-05-14 13:40:20,this was good till last year after that the price hiked nothing is near affordable everything touched their price limit it is good to buy thing offline ...not it's charging so much money where you will go taking this whole money you will die without money man do something good....if you wannt to go to heaven,1,0,,,17.4.8,2023-05,1star,2023-H1,"Pricing, Charges & Refunds","prices hiked, unaffordable"
Zomato,2023-03-01 12:30:46,"Very slow service Changed the time 3 times, it's been 1 hour by ordering. Very very slow service Zomato. Giving 20 minutes more time. Where to complain Not even coming to remove the order. Not even coming for cencal. Order given 42 minutes ago, in that also there is 18 minutes let.",1,9,"Hi there, we are really sorry for the bad experience. Please write to us at psreviewsupport@zomato.com and we'll get this checked immediately.",2023-03-04 12:03:33,17.3.6,2023-03,1star,2023-H1,Delivery Time/Delay,delivery time changed repeatedly
Zomato,2023-04-14 19:59:32,"Open eating, drinking places are not showing at night please update",1,0,,,17.4.1,2023-04,1star,2023-H1,UX/Navigation/Usability,listings not updated for night hours
Zomato,2023-06-08 17:43:46,Every time restaurant was closed,1,0,,,17.5.1,2023-06,1star,2023-H1,Other/Not Categorizable,"restaurant repeatedly closed, vague"
Zomato,2023-05-23 15:56:35,The worst food delivery app ever i used .. dont waste your time. For for other better apps,1,0,,,17.4.8,2023-05,1star,2023-H1,Other/Not Categorizable,generic negative statement
Zomato,2023-01-29 04:11:49,"I liked ordering from Zomato,but you have stopped your services in my area,while swiggy is still delivering in my area, so shifting to swiggy",1,0,"Hi Manish, we're sorry to hear that. It would be great if you can elaborate on your concern at psreviewsupport@zomato.com, so we can address the same on priority.",2023-01-31 04:05:15,17.2.1,2023-01,1star,2023-H1,Other/Not Categorizable,"service unavailable in area, switching apps"
Zomato,2023-02-18 16:10:47,Worst experience they didn't give the refund when order cancelled due to their glitch. My money is gone without order.,1,0,"Hi Deepak, we apologise for this mishap. Please write to us at psreviewsupport@zomato.com for us to investigate this further.",2023-02-18 16:53:35,17.3.2,2023-02,1star,2023-H1,"Pricing, Charges & Refunds",no refund for platform-caused cancellation
Zomato,2023-01-27 22:14:37,"I ordered the food and paid the amount. The restaurant accepted the order and I waited for 1.5 hours for the food. In the end the people from support called and told that the shop is closed and initiated the refund. There is no hotel near me that is open now. Thanks to Zomato, I will be sleeping on a empty stomach. Kudoos to you guys.",1,2,"Hi Pradeep, we apologise for this mishap. Please write to us at psreviewsupport@zomato.com for us to investigate this further.",2023-01-28 07:42:35,17.2.3,2023-01,1star,2023-H1,Delivery Time/Delay,"long wait, restaurant closed excuse"
Zomato,2023-06-27 17:20:28,"I waited for my order for 94 minutes it's been showing 7 minutes. Then, Finally I cancelled the order. Thank God I selected Cash on delivery otherwise they also deduct cancellation fee from refund😤",1,0,,,17.5.4,2023-06,1star,2023-H1,Delivery Time/Delay,"ETA inaccurate, long wait"
Zomato,2023-02-17 16:15:05,Something is seriously wrong with this company. My last 2 order was horrible. Latest ordered cake received from a reputed vendor sply for cake and gift. Received a road side stale and smelly cake and to top it up was great customer support. Asking for refund for a waste item is not wrong I guess. Is it zomato? Or suddenly you guys become so poor that you started scamming customer for 200-500 rs.,1,1,"Hi Koushik, we extend our sincere apologies towards the inconvenience caused to you. We'd request you to kindly write to us at psreviewsupport@zomato.com and we'll reach out to you immediately so as to resolve this.",2023-02-17 16:39:11,17.3.1,2023-02,1star,2023-H1,Restaurant/Food Quality,"stale, smelly cake received"
Zomato,2023-05-16 16:29:45,Worst service and money minded. Always Supporting fraud and unhygienic restaurants.careless about customers health and money.please dnt rely on food delivery apps.,1,0,"Hi Lakshmipathi, we are really sorry for the bad experience. Please write to us at psreviewsupport@zomato.com and we'll get this checked immediately.",2021-07-31 11:42:40,17.4.8,2023-05,1star,2023-H1,Restaurant/Food Quality,unhygienic restaurants supported
Zomato,2023-07-05 10:31:34,"Horrible customer care, not at all helpful and always items missing. Idk if this is happening to selective people or to many people .",1,0,,,17.5.4,2023-07,1star,2023-H2,Customer Support Experience,"unhelpful support, recurring missing items"
Zomato,2023-07-10 16:01:40,Zomato is a cheater and fraud. They don't pay delivery guys and ask to steel from customer. My item was stolen by Zomato person. When Zomato person steel. They say it's delivery partner.,1,0,"Hi there, we are really sorry for the bad experience. Please write to us at psreviewsupport@zomato.com and we’ll get this checked immediately.",2023-07-21 07:41:48,17.5.8,2023-07,1star,2023-H2,Order Accuracy,item stolen by delivery person
Zomato,2023-07-05 19:49:04,It literally took you around 90 mins to reach with a delivery fee of Rs 125 and still 0 support I am the Zomato Gold member but will be switching to other food delivering apps for sure On the other hand the support team literally reply after 5 mins for one message. Very irritating and literally hate this app now and and the support team sucks.,1,0,"Hi Siddharth, sorry to hear about that. Please write to us at psreviewsupport@zomato.com and we'll reach out to you at the earliest.",2023-07-06 11:53:51,,2023-07,1star,2023-H2,Delivery Time/Delay,"90 min delivery, high fee, no support"
Zomato,2023-07-08 09:37:41,I'm a regular user order every time from Zomato... But I didn't not given any good offer... Very disappointed... Going to uninstall right now,1,0,,,17.5.8,2023-07,1star,2023-H2,"Pricing, Charges & Refunds",no good offers despite loyalty
Zomato,2023-07-09 03:12:09,This froud app plz do not download the app in first time he will give you free deliver is wrong Zomato will charge the amount is now very well how attract the customer to give fake discount and is take charge for distance and GST charge and so on you will lose your money if you buy any thing so you will go directly to restaurant and buy your food if you calculate the amount,1,0,,,17.5.4,2023-07,1star,2023-H2,"Pricing, Charges & Refunds",fake discounts to attract customers
Zomato,2022-03-17 06:58:46,We need good discount and offers in all restaurants regularly. I believe you will consider my suggestion.,2,0,"Hi there, sorry to hear about that. Please write to us at psreviewsupport@zomato.com and we'll reach out to you at the earliest.",2022-03-23 10:56:02,16.3.8,2022-03,2star,2022-H1,"Pricing, Charges & Refunds",requests more regular discounts
Zomato,2022-06-10 14:56:58,Delivery charges are just way too much.,2,0,,,16.5.2,2022-06,2star,2022-H1,"Pricing, Charges & Refunds",delivery charges too high
Zomato,2022-08-22 17:44:13,"Very very bad service zamato not help customer care and delivery boy not happy for Zomato very bad service, 👎👎👎👎👎👎👎👎👎👎👎👎👎",2,0,"Hi there, we are really sorry for the bad experience. Please write to us at psreviewsupport@zomato.com and we'll get this checked immediately.",2022-08-23 14:27:53,14.3.9,2022-08,2star,2022-H2,Customer Support Experience,poor customer care and delivery experience
Zomato,2022-10-07 18:46:28,"Zomato is ok but the quality of the restaurant where I odered is really stupidity and also adding one word is stupidity what I have done. Before ordering the food. Last words about the opening is ....... Only bed words .. ....,",2,0,"Hi there, we are really sorry for the bad experience. Please write to us at psreviewsupport@zomato.com and we'll get this checked immediately.",2022-10-08 05:23:56,17.0.4,2022-10,2star,2022-H2,Restaurant/Food Quality,poor restaurant quality
Zomato,2023-02-01 15:14:05,"You guys are a Joke compared to swiggy! Poor customer service, pathetic! Sorry to say! Seriously, very very sad! No more Gold! Practically useless! :'(",2,0,"Hi Jerryn, we are really sorry for the bad experience. Please write to us at psreviewsupport@zomato.com and we'll get this checked immediately.",2023-02-02 11:46:57,17.2.9,2023-02,2star,2023-H1,Customer Support Experience,support worse than competitor
Zomato,2023-04-23 18:50:17,"Again I am writing this because of order related after so many days i had placed and order from mcDonalds, I don't know what happens, delivery partner went from the restaurant and not respond and when contacting customer care same line came from them and asked me to cancel the order and when asking the favour straight away said no. Order placed at 10:10 pm and forcefully needs to cancel at 12:15 am Think again before placing order, very poor and rude....",2,0,"Hi Gagan, please write to us at order@zomato.com and we'll reach out to resolve this immediately.",2021-01-26 10:33:57,17.4.4,2023-04,2star,2023-H1,Delivery Time/Delay,delivery partner unresponsive after pickup
Zomato,2022-06-11 14:42:39,"My restaurant profile always shows double the price of food, but if you ask in the same restaurant, it costs half that.",3,0,,,16.5.2,2022-06,3star,2022-H1,"Pricing, Charges & Refunds",price shown double actual restaurant price
Zomato,2022-03-26 10:51:16,I have noticed different locations have different limits of cod (trivandrum- rs750 or Guwahati- rs350) shouldn't u put a fixed limit for all places,3,0,,,16.3.9,2022-03,3star,2022-H1,Payment/Transaction Issues,inconsistent COD limits by location
Zomato,2022-12-13 13:34:27,on some orders cash on delivery was there and some was not there,3,0,"Hi, kindly drop a mail to our team at help@zomato.com regarding this with all the available details. Our team will reach out to you at the earliest. Thanks.",2022-12-13 14:40:31,17.1.3,2022-12,3star,2022-H2,Payment/Transaction Issues,inconsistent COD availability
Zomato,2022-11-24 10:42:30,Today I ordered two different types of pizza. One was cheese and other was golden corn pizza. First of all I will tell you about golden pizza. In this pizza the corn was very small and less in quantity actually I was expecting more in quantity. Now I will talk about the cheese pizza very less cheese was putted in center area. The round portions was apslutly neglected plus it was very thick. I personally request you to improve more regarding it. Thankyou so much.,3,0,"Hi there, please write to us at psreviewsupport@zomato.com & we'll look into this asap. We also encourage you to share your feedback with the restaurant, by writing a review on Zomato.",2022-11-27 07:33:23,17.1.3,2022-11,3star,2022-H2,Restaurant/Food Quality,pizza toppings insufficient
Zomato,2023-03-18 07:32:00,Delivery cost area High,3,0,,,17.3.9,2023-03,3star,2023-H1,"Pricing, Charges & Refunds",delivery cost too high in area
Zomato,2023-03-16 05:57:53,Same dishes prices are 10 to 20 rupees lower on swiggy 👎👎👎,3,0,,,17.3.9,2023-03,3star,2023-H1,"Pricing, Charges & Refunds",prices higher than competitor for same dish
Zomato,2023-05-12 13:56:51,"Delivery Ok, but delivered cool biryani, cool pizza, please try to send fresh & hot items",3,0,,,17.4.8,2023-05,3star,2023-H1,Restaurant/Food Quality,food arrived cold
Zomato,2023-07-13 13:30:36,Good but not amazing Because this is expensive in comparison of others,3,0,,,17.5.9,2023-07,3star,2023-H2,"Pricing, Charges & Refunds",expensive compared to other apps
Zomato,2022-05-14 08:21:32,"Very nice app but some type of little bit expensive than other apps.However, i love it well, in this app every restaurant is available and fast delivery as well.",4,0,"Hi Meet, thank you for reaching out. We are constantly striving to improve our service / product for our customers, and your feedback goes a long way in helping us do so. Thank you once again, do keep sharing your valuable inputs with us.",2022-05-16 12:48:34,16.5.0,2022-05,4star,2022-H1,"Pricing, Charges & Refunds",good but noted as expensive
Zomato,2022-04-25 12:14:37,Nice for though person how have not own vehicle or far from urban areas And zomato was attempted action fast 😃 but coupons in will be applicable for selected restaurant,4,0,,,16.4.8,2022-04,4star,2022-H1,"Pricing, Charges & Refunds",coupons limited to select restaurants
Zomato,2022-12-13 06:25:50,Good service only some time delayed but anyway it's good,4,0,"Hi Vanita , glad to hear that! Thank you for your feedback.",2022-12-13 06:34:18,17.1.7,2022-12,4star,2022-H2,Delivery Time/Delay,occasional delay noted
Zomato,2022-10-20 12:21:31,Best features in Zomato is Zomato pro plus service.,4,0,,,17.0.7,2022-10,4star,2022-H2,Positive Feedback/Praise,praises Zomato Pro Plus feature
Zomato,2022-08-30 03:14:23,idont like the taste of the food even if I forgot to keep the order again if I want to add extra delivery it is not accepting this is very so bad the price of the food was also so horrible,4,0,"Hi there, we are really sorry for the bad experience. Please write to us at psreviewsupport@zomato.com and we'll get this checked immediately.",2022-08-30 13:55:25,16.7.0,2022-08,4star,2022-H2,Restaurant/Food Quality,disliked taste of food
Zomato,2023-03-14 09:31:58,They are not returning amount if we cancel so make correction in that anyway my favourite online app is this,4,0,,,17.3.8,2023-03,4star,2023-H1,"Pricing, Charges & Refunds",no refund on cancellation
Zomato,2023-06-02 16:38:26,"It's good according to price but don't trust the ratings, because I ordered worst rating and good good experience and vice versa.",4,0,,,17.5.1,2023-06,4star,2023-H1,UX/Navigation/Usability,doesn't trust displayed ratings
Zomato,2023-04-16 03:35:48,The rateing changes just because the delivery charges are higher that expected.... Sometimes your delivery charges bare higher than your order....,4,1,"Hi there, delivery charges depend on several variables such as distance between drop location & the restaurant, availability of riders, weather conditions, time of the day, locality among others. This helps us fairly compensate our delivery partners for their time and effort that goes in making a delivery successful.",2022-07-27 12:15:57,17.4.2,2023-04,4star,2023-H1,"Pricing, Charges & Refunds",delivery charges higher than expected
Zomato,2023-03-07 11:15:36,Good but more information about foods should be given,4,0,"Hi pratham, we are really sorry for the bad experience. Please write to us at psreviewsupport@zomato.com and we'll get this checked immediately.",2023-03-07 17:22:54,,2023-03,4star,2023-H1,UX/Navigation/Usability,wants more food information shown
Zomato,2023-05-30 20:04:09,Good experience 🤍/ got the food on time . Thank you Zomato,4,0,,,17.4.4,2023-05,4star,2023-H1,Positive Feedback/Praise,"on-time delivery, thanks"
Zomato,2023-05-10 17:39:31,"amazing, if I required online meals I refer goes to zomato is the best....",4,0,,,17.4.8,2023-05,4star,2023-H1,Positive Feedback/Praise,"amazing, considers it the best"
Zomato,2023-06-01 08:35:27,"Good service, more food option available",4,0,"Hi there, glad to hear that! Thank you for your feedback.",2023-06-13 06:29:00,17.5.1,2023-06,4star,2023-H1,Positive Feedback/Praise,"good service, more options"
Zomato,2023-03-08 14:30:17,Good App for Online Food,4,0,,,17.3.6,2023-03,4star,2023-H1,Positive Feedback/Praise,good app for online food
Zomato,2023-06-08 23:48:16,Amazing app plus helpfull for night foodiess. 🤣,4,0,,,17.5.2,2023-06,4star,2023-H1,Positive Feedback/Praise,"amazing, helpful for night orders"
Zomato,2023-07-02 10:45:55,This app is best app to use to ordered food anytime.,4,0,,,17.5.6,2023-07,4star,2023-H2,Positive Feedback/Praise,best app to order anytime
Zomato,2023-07-14 16:18:52,Nothimg But a delivery app,4,0,,,17.5.4,2023-07,4star,2023-H2,Other/Not Categorizable,neutral/ambiguous one-liner
Zomato,2022-05-23 15:08:18,Super fast delivery,5,0,"Hi there, glad to hear that! Thank you for your feedback.",2022-05-25 13:57:53,16.5.0,2022-05,5star,2022-H1,Positive Feedback/Praise,super fast delivery
Zomato,2022-05-28 14:58:58,Fast and fresh food,5,0,"Hi there, glad to hear that! Thank you for your feedback.",2022-05-28 18:26:25,16.5.0,2022-05,5star,2022-H1,Positive Feedback/Praise,fast and fresh food
Zomato,2022-03-26 13:51:38,IT'S a really good app for online food ordering... I am using it for almost 4 years now ... And I really satisfied with their customer support,5,0,"Hi there, glad to hear that! Thank you for your feedback.",2022-03-28 09:19:26,16.3.9,2022-03,5star,2022-H1,Positive Feedback/Praise,"4 years satisfied, good support"
Zomato,2022-05-02 17:26:47,"Never been disappointed. Awesome always. Affordable price, quick delivery,Smart delivery guys,never been called ""ap Ka location kaha hai"" I am happy to order from Zomato.😋😇☺️",5,0,"Hi there, glad to hear that! Thank you for your feedback.",2022-05-07 12:05:20,16.4.9,2022-05,5star,2022-H1,Positive Feedback/Praise,"affordable, quick, reliable delivery"
Zomato,2022-06-21 14:08:36,Excellent service keep the same,5,0,"Hi there, glad to hear that! Thank you for your feedback.",2022-07-01 09:08:59,16.5.5,2022-06,5star,2022-H1,Positive Feedback/Praise,excellent service
Zomato,2022-05-05 21:55:27,Very good experience but sometimes food is not so good in taste,5,0,"Hi Abdul, thank you for reaching out. We are constantly striving to improve our service / product for our customers, and your feedback goes a long way in helping us do so. Thank you once again, do keep sharing your valuable inputs with us.",2022-05-06 08:33:54,16.4.9,2022-05,5star,2022-H1,Restaurant/Food Quality,food taste inconsistent
Zomato,2022-04-23 08:37:42,Zomata has great customer service staff. They are very helpful excellent. Thankyou for providing us such facilities.,5,0,"Hi Jaya, glad to hear that! Thank you for your feedback.",2022-04-24 10:24:16,16.4.8,2022-04,5star,2022-H1,Positive Feedback/Praise,helpful customer service staff
Zomato,2022-03-08 14:22:53,Best service providers all time. Special appreciation to zomato team who give their 100%. I love this app,5,0,"Hi Prem, that's great! Glad to know you enjoyed using Zomato.
",2022-03-08 15:09:22,16.3.7,2022-03,5star,2022-H1,Positive Feedback/Praise,best service provider praise
Zomato,2022-03-02 09:55:28,"Zomato work,s very hard on work. I,m very happy for this kindly zomato.",5,0,,,16.3.6,2022-03,5star,2022-H1,Positive Feedback/Praise,general praise for effort
Zomato,2022-07-31 06:56:09,I have been using this app for more than 7yrs. Amazing customer care and polite delivery partners. I Wish Zomato good luck and hope they will continue to deliver their flawless services all the time,5,0,"Hi there, glad to hear that! Thank you for your feedback.",2022-08-02 08:50:19,16.6.2,2022-07,5star,2022-H2,Positive Feedback/Praise,"7 years, amazing care, polite partners"
Zomato,2022-08-29 14:23:04,"Everything this very good, except taxes and charges...",5,0,"Hi there, thank you for your feedback, we understand your concern. 'Taxes & Charges' however are dependent on factors like restaurant's own charges, applicable discounts and thereby vary with every order",2022-08-30 08:42:07,16.7.0,2022-08,5star,2022-H2,"Pricing, Charges & Refunds",taxes and charges are the issue
Zomato,2022-10-04 20:26:10,Fantastic and good delivery,5,0,"Hi Karthick, glad to hear that! Thank you for your feedback.",2022-10-05 07:26:50,17.0.4,2022-10,5star,2022-H2,Positive Feedback/Praise,"fantastic, good delivery"
Zomato,2022-07-12 15:34:39,Very fast and reliable service.,5,0,"Hi Amit, glad to hear that! Thank you for your feedback.",2022-07-13 02:01:04,,2022-07,5star,2022-H2,Positive Feedback/Praise,fast and reliable
Zomato,2022-09-06 11:46:10,My first experience with Zomato is soo good... faster delivery,5,0,"Hi there, glad to hear that! Thankyou for your feedback.",2022-09-06 14:20:41,16.7.0,2022-09,5star,2022-H2,Positive Feedback/Praise,"good first experience, fast delivery"
Zomato,2022-12-31 15:43:44,It's awesome app. I am live in village in this app there is very fast delivery 😀,5,0,"Hi Vishwanath, glad to hear that! Thank you for your feedback.",2022-12-31 16:07:20,17.1.7,2022-12,5star,2022-H2,Positive Feedback/Praise,fast delivery even in village
Zomato,2022-09-04 15:00:46,"Good service, but your charging 50rs extra per plate ,",5,0,"Hi there, glad to hear that! Thankyou for your feedback.",2022-09-04 15:35:31,16.7.0,2022-09,5star,2022-H2,"Pricing, Charges & Refunds",extra Rs 50 charge per plate
Zomato,2022-09-25 18:52:48,"I was in hospital, late night i feel very hungry.. There was nothing to eat for me aal the shops was closed... But i orderd food from zomato and they provided me food at the time I might be thankful to zomato...",5,0,"Hi there, glad to hear that! Thankyou for your feedback.",2022-09-28 04:57:59,17.0.3,2022-09,5star,2022-H2,Positive Feedback/Praise,helped in urgent late-night need
Zomato,2022-10-25 14:45:48,"Good, order in time. Got very nice offers from Zomato compared to swigfy. Would be good such offers are given.",5,0,"Hi there, glad to hear that! Thank you for your feedback.",2022-10-27 12:25:15,17.0.7,2022-10,5star,2022-H2,Positive Feedback/Praise,good offers compared to competitor
Zomato,2023-06-25 07:34:40,Very nice experience,5,0,"Hi there, glad to hear that! Thank you for your feedback.",2023-06-25 07:36:41,17.5.4,2023-06,5star,2023-H1,Positive Feedback/Praise,very nice experience
Zomato,2023-05-03 16:16:40,Better than any other food delivery app✨ gives the best offers possible,5,0,,,17.4.6,2023-05,5star,2023-H1,Positive Feedback/Praise,best offers vs other apps
Zomato,2023-02-09 14:00:02,"I think its best to choose your favorite food ,fastest and smooth delivery",5,0,"Hi Renu, we are glad to know that you are happy with our delivery service. We strive towards creating a delivery universe that is uniquely focused on ensuring a good experience.",2023-02-10 10:00:51,17.2.9,2023-02,5star,2023-H1,Positive Feedback/Praise,"fastest, smooth delivery"
Zomato,2023-04-28 07:16:23,Superb app this app delivery best food,5,0,,,17.4.4,2023-04,5star,2023-H1,Positive Feedback/Praise,superb food delivery
Zomato,2023-06-06 19:21:49,"Great app experience, thankyou for bringing back gold",5,0,"Hi there, glad to hear that! Thank you for your feedback.",2023-06-13 07:22:38,17.5.1,2023-06,5star,2023-H1,Positive Feedback/Praise,praises return of gold membership
Zomato,2023-06-06 13:07:29,Good food quality and best delivery services for all food lovers .keep it up .Thanks .,5,0,"Hi there, glad to hear that! Thank you for your feedback.",2023-06-13 07:18:42,17.4.4,2023-06,5star,2023-H1,Positive Feedback/Praise,good food quality and delivery
Zomato,2023-04-04 14:58:43,Nice service. It would be nice if the item is described more.,5,0,"Hi there, thank you for bringing this matter to our notice. Your feedback is duly noted, and we'll certainly work to improve our services based on the same. We hope you have a better experience with us in the future.",2022-12-21 09:03:15,17.4.1,2023-04,5star,2023-H1,UX/Navigation/Usability,wants clearer item descriptions
Zomato,2023-06-18 06:48:37,It's good service,5,0,"Hi there, glad to hear that! Thank you for your feedback.",2023-06-18 06:50:46,17.5.3,2023-06,5star,2023-H1,Positive Feedback/Praise,good service
Zomato,2023-05-13 07:06:16,Always there is offer. Most of the time they give delivery benefits to customer,5,0,,,17.4.8,2023-05,5star,2023-H1,Positive Feedback/Praise,frequent offers and benefits
Zomato,2023-05-27 06:15:44,Love it! 😋😋 much better than swiggy,5,0,,,17.5.0,2023-05,5star,2023-H1,Positive Feedback/Praise,prefers over competitor
Zomato,2023-03-01 15:59:55,Fast delivery option,5,0,"Hi there, glad to hear that! Thank you for your feedback.",2023-03-04 10:52:16,17.3.4,2023-03,5star,2023-H1,Positive Feedback/Praise,fast delivery
Zomato,2023-06-10 08:26:55,Best food delivery app,5,0,,,17.5.2,2023-06,5star,2023-H1,Positive Feedback/Praise,best food delivery app
Zomato,2023-03-01 15:26:56,The best app for food delivery nice app,5,0,"Hi patliya, we are glad to know that you are happy with our delivery service. We strive towards creating a delivery universe that is uniquely focused on ensuring a good experience.",2023-03-04 10:48:18,,2023-03,5star,2023-H1,Positive Feedback/Praise,best app for food delivery
Zomato,2023-05-07 08:03:38,Everything is Perfect 💯,5,0,,,17.4.6,2023-05,5star,2023-H1,Positive Feedback/Praise,everything perfect
Zomato,2023-02-22 07:36:46,Best for food delivery and very convenient to use,5,0,,,17.3.2,2023-02,5star,2023-H1,Positive Feedback/Praise,best and convenient
Zomato,2023-01-27 14:48:20,Its a wonderful and hygienic food we have every time ontime deliverd to me always delivery boys was also....treat me a kind heartedly . Thank u ZOMATO 😊,5,0,"Hi Padma, glad to hear that! Thank you for your feedback.",2023-01-27 17:30:47,16.6.5,2023-01,5star,2023-H1,Positive Feedback/Praise,"hygienic, on-time, kind delivery staff"
Zomato,2023-03-29 07:13:27,Good service some times customer service is not good but nice service,5,0,,,17.4.0,2023-03,5star,2023-H1,Customer Support Experience,customer service sometimes not good
Zomato,2023-03-12 13:46:21,just small issue.. please tell your delivery men to exact at the location.. because of language barrier.. thanks.. anything else is perfect..,5,0,,,17.3.6,2023-03,5star,2023-H1,Delivery Time/Delay,delivery partner location precision issue
Zomato,2023-03-19 05:36:47,Amazing online food delivery app for android and ios,5,0,"Hi Vedant, glad to hear that! Thank you for your feedback.",2023-03-23 18:18:04,17.3.9,2023-03,5star,2023-H1,Positive Feedback/Praise,amazing app for both platforms
Zomato,2023-02-23 11:51:00,Easy and amazing offers,5,0,"Hi there, glad to hear that! Thank you for your feedback.",2023-02-26 11:34:33,17.3.4,2023-02,5star,2023-H1,Positive Feedback/Praise,"easy, amazing offers"
Zomato,2023-05-26 17:59:55,Easy & convenient to order food.,5,0,,,,2023-05,5star,2023-H1,Positive Feedback/Praise,easy and convenient
Zomato,2023-05-28 06:43:57,Fantastic application for ordering food best in class,5,0,,,17.5.0,2023-05,5star,2023-H1,Positive Feedback/Praise,"fantastic, best in class"
Zomato,2023-05-20 08:04:17,Nice application for food and beverage service,5,0,,,17.5.0,2023-05,5star,2023-H1,Positive Feedback/Praise,nice application
Zomato,2023-03-16 06:10:44,Nice easy to use,5,0,,,17.3.9,2023-03,5star,2023-H1,Positive Feedback/Praise,"nice, easy to use"
Zomato,2023-04-30 14:40:45,Very nice experience.🥰,5,0,"Hi there, glad to hear that! Thank you for your feedback.",2023-04-30 14:43:22,17.4.4,2023-04,5star,2023-H1,Positive Feedback/Praise,very nice experience
Zomato,2023-06-19 12:03:33,It's a very helpful aap . And with a good price,5,0,,,17.5.3,2023-06,5star,2023-H1,Positive Feedback/Praise,"helpful, good price"
Zomato,2023-03-22 14:59:02,Haha-made me spend my money like crazy,5,0,,,17.4.0,2023-03,5star,2023-H1,Other/Not Categorizable,ambiguous humorous comment
Zomato,2023-06-06 18:10:30,Starter and food quality is very very Awesome and i love the service Everything is very good,5,0,"Hi there, glad to hear that! Thank you for your feedback.",2023-06-13 07:22:26,,2023-06,5star,2023-H1,Positive Feedback/Praise,great food quality and service
Zomato,2023-05-03 17:03:43,Its very better than swiggy.. 🌝❤️,5,0,,,17.4.6,2023-05,5star,2023-H1,Positive Feedback/Praise,prefers over competitor
Zomato,2023-05-28 12:55:34,Best food quality,5,0,,,17.5.0,2023-05,5star,2023-H1,Positive Feedback/Praise,best food quality
Zomato,2023-07-16 14:23:01,Very good service,5,0,"Hi there, glad to hear that! Thank you for your feedback.",2023-07-16 14:24:47,17.5.9,2023-07,5star,2023-H2,Positive Feedback/Praise,very good service
Zomato,2023-07-17 07:32:02,Very prompt delivery,5,0,"Hi there, glad to hear that! Thank you for your feedback.",2023-07-17 07:34:43,17.6.0,2023-07,5star,2023-H2,Positive Feedback/Praise,prompt delivery
Zomato,2023-07-22 12:47:02,Very dedicated service and prompt,5,0,"Hi there, glad to hear that! Thank you for your feedback.",2023-07-22 12:49:01,17.6.0,2023-07,5star,2023-H2,Positive Feedback/Praise,"dedicated, prompt service"
Zomato,2023-07-24 16:17:21,Very good services and food also tastes very nice my first experience is very good.,5,0,,,17.6.2,2023-07,5star,2023-H2,Positive Feedback/Praise,good service and taste
Zomato,2023-07-02 11:15:03,Very good food app I like it,5,0,"Hi there, glad to hear that! Thank you for your feedback.",2023-07-02 11:18:00,17.5.2,2023-07,5star,2023-H2,Positive Feedback/Praise,good food app
Zomato,2023-07-23 14:36:19,"Really fine services provided by you.I like Zomato. My family tries several restaurants for breakfast, lunch and dinner provide by you. We likes the taste and variety.",5,0,"Hi Bharat, glad to hear that! Thank you for your feedback.",2023-07-26 01:32:16,17.5.4,2023-07,5star,2023-H2,Positive Feedback/Praise,"fine service, family regularly uses"
Zomato,2023-07-11 07:29:30,very good food delevry,5,0,"Hi there, glad to hear that! Thank you for your feedback.",2023-07-11 07:30:54,17.5.9,2023-07,5star,2023-H2,Positive Feedback/Praise,good food delivery
Zomato,2023-07-09 17:11:04,"Exceptionally good app if zomato gold used! Otherwise delivery charges are too much , they should be minimised based on the route , distance and time!",5,3,"Hi Mihir, delivery charges depend on several variables such as distance between drop location & the restaurant, availability of riders, weather conditions, time of the day, locality among others. This helps us fairly compensate our delivery partners for their time and effort that goes in making a delivery successful.",2023-07-11 10:04:22,17.5.9,2023-07,5star,2023-H2,"Pricing, Charges & Refunds",delivery charges too high without gold
Zomato,2023-07-08 03:50:05,"Excellant, speedy delivery",5,0,"Hi there, glad to hear that! Thank you for your feedback.",2023-07-08 03:50:35,17.5.8,2023-07,5star,2023-H2,Positive Feedback/Praise,"excellent, speedy delivery"
Swiggy,2022-04-11 23:57:20,What an hell experience that day was for me bcoz I have ordered my food from a good restaurant but i think they bought it frm a cheap street food nearly it was one and half hour later he bought and when I said I wanted to cancel ❌ it they started arguing with me 😭😭😭 I was really hungry on that day all day tired and got a worse experience when I was in need of food really sad...,1,0,That doesn't seem right. Kindly help us with more details of this concern by writing to us at swiggysocial@swiggy.in from your registered email ID and we'll get this checked right away for you.,2022-04-12 00:01:59,,2022-04,1star,2022-H1,Order Accuracy,received substituted cheap food after delay
Swiggy,2022-03-16 08:17:58,I have faced many issues with the service provided and the app as it does not allow to escalate any issues to higher authority and its coutumer care people do not provide care to coustomer as the issue is never resolved.,1,0,"Hey there, we are sorry to have put you through such a situation. We would like to make amends and request you to kindly share the order ID along with the details of your concern at swiggysocial@swiggy.in and we will do what it takes to turn this around!",2022-03-16 08:21:58,4.3.2,2022-03,1star,2022-H1,Customer Support Experience,"no escalation path, uncaring support"
Swiggy,2022-04-21 06:05:48,"Not at all customer centric, too worst in services and over priced food items, rates difference too high in swiggy menu and outlet take away or dine-in menu.",1,0,"Hey there, we would like to understand the miss in delivering the order within the promised timeline. Please share your order ID by writing to us at swiggysocial@swiggy.in from your registered email ID to have this checked further.",2022-04-21 06:11:59,,2022-04,1star,2022-H1,"Pricing, Charges & Refunds",overpriced vs outlet menu
Swiggy,2022-03-09 14:20:41,Every food has high prices than actually restaurant has And delivery charges also high,1,0,"Hey there, that should not have happened and we would like to get this checked right away. Kindly help us with your order ID over an email to swiggysocial@swiggy.in, it will help us take this up with our executives and work on corrective measures.",2022-03-09 14:21:59,3.65.2,2022-03,1star,2022-H1,"Pricing, Charges & Refunds",higher food and delivery prices
Swiggy,2022-05-20 15:46:31,"Like to give ""0"" Stars if possible bcoz of the continuous failure in delivering food in time due to delivery partner issue & app issue at restaurant end. Once I ordered foor by 9pm & until after 45mins the order was said "" Food being prepared"", after which when I called the delivery partner & swiggy call center they say thr is a problem with app & ur money will be refunded. Such poor value for customers & this was nt once alone, have been facing same like tat at crucial times. Worst day by day",1,0,"Hey there, we are sorry for the unpleasant experience you had. Please share more details about the incident by writing an email at swiggysocial@swiggy.in from your registered email ID. we'll take it up.",2022-05-20 15:52:02,4.8.2,2022-05,1star,2022-H1,Delivery Time/Delay,repeated failure to deliver on time
Swiggy,2022-05-01 10:27:51,I used to use it for instamart and it is good. The food delivery sucks. Not only their estimated time is way off the actual time but their rep play with customers and keep abandoning chat. You can't get a supervisor and you are taken for a ride. If you want to gamble then surely use this service as 1/10 time you might get your money worth service. Other times it's an entertainment for Swiggy Support to see you frustrated.,1,1,That doesn't seem right. Kindly help us with more details of this concern by writing to us at swiggysocial@swiggy.in from your registered email ID and we'll get this checked right away for you.,2022-05-01 10:31:54,4.7.0,2022-05,1star,2022-H1,Delivery Time/Delay,"ETA far off, reps abandon chat"
Swiggy,2022-05-12 16:46:57,Worst customer service. Last 5 to 6 orders took more than an hour. Even once after an hour they put a message that delivery partner is unwilling to deliver the order. Thats how the tantrums swiggy shows evwn after having swiggyone membership. Stay away from the fraud start up.,1,0,We're disappointed to know the service has not been to your satisfaction. Kindly write to us at swiggysocial@swiggy.in from your registered email address and we'll have this addressed.,2022-05-12 16:52:00,4.8.0,2022-05,1star,2022-H1,Delivery Time/Delay,orders consistently over an hour late
Swiggy,2022-04-04 13:49:49,Very poor and very bad delivery app swiggy. Swiggy not satisfied her Customer.,1,0,"Hey there, that doesn't sound right. We would like to have this investigated. Please share the relevant order ID to swiggysocial@swiggy.in and we will assist you further in this regard.",2022-04-04 13:51:53,4.4.1,2022-04,1star,2022-H1,Other/Not Categorizable,vague negative statement
Swiggy,2022-02-06 14:49:15,Worst delivery and customer care service..still they are same..they never deliver on time..,1,0,"Hi, we are sorry about the sub-par experience you had faced while ordering with us. Please write to us at swiggysocial@swiggy.in along with the order ID, so we can assist you better.",2022-02-06 14:52:00,4.1.1,2022-02,1star,2022-H1,Delivery Time/Delay,never delivers on time
Swiggy,2022-04-15 14:46:37,swiggy has been providing a bad service recently you have to wait forever for the item to be delivered and the service has become pathetic,1,0,"Hey there, we apologize for the inconvenience caused. We request you to kindly let us know more about the issue by writing to us at swiggysocial@swiggy.in from your registered email address, so we can look into it and have it fixed at the earliest.",2022-04-15 14:52:02,4.6.1,2022-04,1star,2022-H1,Delivery Time/Delay,"long wait, pathetic service"
Swiggy,2022-06-26 05:22:25,I have ordered some fruit juice for a patient and paid in advance the same was delivered to other location to other person after several request to customer service and online chatting no support provided and no cancellation done no refund done I had to compromise as was trapped as prior payment was made totally cheating and fraud.... totally disgraced,1,0,"Hey, we're sorry for the inconvenience caused. Kindly drop us an email at swiggysocial@swiggy.in from your registered email address regarding the same, and we'll work on fixing the issue asap.",2022-06-26 05:31:53,4.11.1,2022-06,1star,2022-H1,Order Accuracy,order delivered to wrong location
Swiggy,2022-04-25 04:45:16,Swiggy delivery behaviour order was rude ijust told him to bring 500rs change he told roudly to cancel order after hence will not order from swiggy he can say politely too it's really bad pls take action will buy from Zomato there service is far better,1,0,"Hi, please write to us about your experience at swiggysocial@swiggy.in from your registered email address, so we can better our services.",2022-04-25 04:51:53,,2022-04,1star,2022-H1,Customer Support Experience,delivery partner rude on call
Swiggy,2022-03-06 20:12:25,"Swiggy is a real good app for food delivery option. Every thing I ordered got in time. Sometimes, the food is little overpriced than Zomato but I do buy it because they provide better service. I got to say one more thing, this app is addictive at times where I send more money eating in a day. Which is very bad!",1,0,"Hello, we would like to know more about it. Please write to us at swiggysocial@swiggy.in with relevant details elaborating further on your ordering experience with us, so we can set this right for you.",2022-03-06 20:22:00,3.1.0,2022-03,1star,2022-H1,Positive Feedback/Praise,"reliable, on-time despite slight premium"
Swiggy,2022-02-15 19:36:38,"I had placed my order. But due to some reason I canceled my order because I ordered wrong order. When I canceled, took all my money from me. And told me that you have been charged for cancellation. This is very wrong. If a person makes a mistake then he has to lose all his money swiggy you give me my money back. Swiggy is the fake and bad experience",1,0,"Hello, we would like to know more about it. Please write to us at swiggysocial@swiggy.in with relevant details elaborating further on your ordering experience with us, so we can set this right for you.",2022-02-15 19:42:00,4.1.1,2022-02,1star,2022-H1,"Pricing, Charges & Refunds",charged fee on cancellation of wrong order
Swiggy,2022-06-08 18:17:25,"Bad service and bad policies. You are on your own after having paid for the order in advance. Our order at night was delayed by 1.5 hours and then when it reached, it wasn't what we had ordered, not even the same restaurant. After all this, you have to jump through hoops to get any refund. Forget about receiving any compensation for the hassle or for the fact that our small get-together got ruined because of their service. Never using this app again.",1,2,"Hey there, we completely understand that we have missed the mark in delivering the order within the promised timeline. Please share your registered details or the order ID by writing to us at swiggysocial@swiggy.in and we would be happy to connect with you post having it checked.",2022-06-08 18:21:56,4.10.2,2022-06,1star,2022-H1,Delivery Time/Delay,1.5hr delay plus wrong order
Swiggy,2022-06-04 17:15:39,They keep closing my queries without any proper justification. Worst customer service.,1,0,"Hi, please write to us about your experience at swiggysocial@swiggy.in from your registered email address, so we can better our services.",2022-06-04 17:22:02,4.9.1,2022-06,1star,2022-H1,Customer Support Experience,queries closed without resolution
Swiggy,2022-02-02 18:47:16,This company has absolutely zero integrity. Someone signed up for an account using my email which was never authorized or confirmed. I tried contacting their customer support to get the account closed and I was unable to. They kept trying to kick me around to other teams and delaying the resolution of the issue. They wanted to contact me at the number listed on the account after I told them I never opened an account to begin with. These people are very shady and seem to lack common sense.,1,2,"Hello, we would like to know more about it. Please write to us at swiggysocial@swiggy.in with relevant details elaborating further on your ordering experience with us, so we can set this right for you.",2022-02-02 18:51:58,,2022-02,1star,2022-H1,Customer Support Experience,"unauthorized account issue, unresolved by support"
Swiggy,2022-06-05 19:35:39,"This is the worst food delivery app, they won't respond well, I have ordered at 11 pm and it has not been delivered even at 1 am, and they are still working on it, they won't even respond if the food is not proper",1,13,"Hey there, we apologize for the inconvenience caused. We request you to kindly let us know more about the issue by writing to us at swiggysocial@swiggy.in from your registered email address, so we can look into it and have it fixed at the earliest.",2022-06-05 19:41:56,4.9.1,2022-06,1star,2022-H1,Delivery Time/Delay,order not delivered 2 hours after promised time
Swiggy,2022-06-12 16:49:14,I don't recommend their services. They cancel the order anytime they wish. Customer care are extremely rude,1,0,"Hi, we are sorry about this. Please help us with the order id over an email at swiggysocial@swiggy.in, so we can help resolve the issue.",2022-06-12 16:52:00,4.10.2,2022-06,1star,2022-H1,Customer Support Experience,"arbitrary cancellations, rude care team"
Swiggy,2022-04-22 13:50:04,pathetic my issues regarding my order was not resolved neither compensated very bad service and food,1,0,We're disappointed to know the service has not been to your satisfaction. Kindly write to us at swiggysocial@swiggy.in from your registered email address and we'll have this addressed.,2022-04-22 13:51:54,4.7.0,2022-04,1star,2022-H1,Customer Support Experience,"issue unresolved, no compensation"
Swiggy,2022-05-30 06:10:21,Chargee way too much for the food the actual food is cheap but you guys tamper with the price than again charge delivery charges so in short cost of an idli plate which cost 40 bucks with you guys is around 90 bucks which is not satisfying,1,0,"Hi, please write to us about your experience at swiggysocial@swiggy.in from your registered email address, so we can better our services.",2022-05-30 06:12:01,4.6.1,2022-05,1star,2022-H1,"Pricing, Charges & Refunds",price and delivery charge markup
Swiggy,2022-04-09 08:42:31,Most third class app ever......the cheater app..,1,1,"Hi, please write to us about your experience at swiggysocial@swiggy.in from your registered email address, so we can better our services.",2022-04-09 08:43:26,4.5.0,2022-04,1star,2022-H1,Other/Not Categorizable,vague negative label
Swiggy,2022-07-29 11:39:10,"In last one month I did two orders with multiple items and both missed some or other item. Last week my colleague ordered Two south meal and two biriyani and they missed biriyani and got only South meal. Worst support guys, They always say only one sentence that they will take my feedback to restaurant which doesn't help in any way to a hungry stomach",1,0,"Hi there, we are sorry for any hassle you have faced while ordering with us. Please share the order ID along with the details of the issue by writing to us at swiggysocial@swiggy.in from your registered email address and we will get this checked.",2022-07-29 11:42:01,2.3.8,2022-07,1star,2022-H2,Order Accuracy,missing items across multiple orders
Swiggy,2022-10-24 22:15:43,"Very bad customer service as regarding my recent order its been not delivered yet the swiggy app was showing my food was deliverd..and when I seek any compensation from the customer service, they provided lame excuses along with very little concern regarding this.",1,4,That doesn't seem right. Kindly help us with more details of this concern by writing to us at swiggysocial@swiggy.in from your registered email ID and we'll get this checked right away for you.,2022-10-24 22:22:00,4.19.2,2022-10,1star,2022-H2,Delivery Time/Delay,"falsely marked delivered, no compensation"
Swiggy,2022-12-02 17:28:15,I recommend to all please don't use this application plz use another app but dontuse it this is the worst application,1,0,"Hey there, we apologize for the inconvenience caused. We request you to kindly let us know more about the issue by writing to us at swiggysocial@swiggy.in from your registered email address, so we can look into it and have it fixed at the earliest.",2022-12-02 17:32:00,4.21.2,2022-12,1star,2022-H2,Other/Not Categorizable,generic warning not to use app
Swiggy,2022-09-20 14:44:45,"Even after a previous horrible experience with swiggy I did the mistake of ordering groceries from them. And swiggy continued to disappoint. Any and all grocery cannot be returned even if the order is not yet delivered and if you complain the customer care executive advices you to store it for future use or donate it to a needy person at your own expense. They will not accept it back nor return your money. Big basket, Amazon, Nature's Basket and many more provide much better customer experience.",1,0,"Hi, we are sorry about the below-par experience with your order. Please write to us at swiggysocial@swiggy.in along with the order ID, so we can assist you better.",2022-09-20 14:52:01,3.73.0,2022-09,1star,2022-H2,Order Accuracy,"damaged grocery items, no return option"
Swiggy,2022-09-22 12:49:16,"used to be good a couple of months ago. Even subscribed to swiggy one. Since the last 15-20 days, most restaurants are out of service due no delivery partner available in the near location due to demand,. at 5pm and 6 pm. Even instamart doesn't work. This happens even for big chains like subway or Domino's. If these continue for a few more days, you lose another customer.",1,7,"Hey there, please drop an email at swiggysocial@swiggy.in with your order ID, it will help us get this checked and get back to you with an apt resolution.",2022-09-22 12:52:05,4.16.5,2022-09,1star,2022-H2,Delivery Time/Delay,restaurants unavailable due to partner shortage
Swiggy,2022-10-26 08:31:07,I'm really really disappointed with this expre of food and service with swiggy i order may time but i not received properly many times i lost my money becz this i never want log in this zommto Is better than this,1,0,"Hey there, we request you to let us know more about your experience by writing us an email at swiggysocial@swiggy.in from your registered email ID so that we can have your concern addressed.",2022-10-26 08:31:54,4.19.2,2022-10,1star,2022-H2,"Pricing, Charges & Refunds",repeated money loss from failed orders
Swiggy,2022-08-16 17:34:21,Unnecessary charges and taxes.. it'd still cost me less if I catch a taxi.. go buy food and come 👎,1,0,This shouldn't have happened. Kindly help us with the order ID along with the details of the issue by writing to us at swiggysocial@swiggy.in from your registered email ID & we will have this checked.,2022-08-16 17:41:57,4.14.3,2022-08,1star,2022-H2,"Pricing, Charges & Refunds",unnecessary charges and taxes
Swiggy,2022-08-09 18:30:12,Not good service for swiggy one member,1,0,We're disappointed to know the service has not been to your satisfaction. Kindly write to us at swiggysocial@swiggy.in from your registered email address and we'll have this addressed,2022-08-09 18:32:16,4.14.1,2022-08,1star,2022-H2,Other/Not Categorizable,vague complaint about membership tier
Swiggy,2022-09-24 14:05:40,This is worst food delivery app. I had paid for my food but after cancellation they don't give my refund back.,1,2,"We are sorry to let you down. Please write to us at swiggysocial@swiggy.in from your registered email address elaborating further on your ordeal, so we can expiate for the miss.",2022-09-24 14:12:00,4.17.0,2022-09,1star,2022-H2,"Pricing, Charges & Refunds",no refund after cancellation
Swiggy,2022-12-15 09:32:03,"Updating experience. I was told that I was a marked as defaulter for cancellation of an order placed more than 1 year ago , as a result I am denied COD service. Which is so stupid. I use swiggy regularly and must have spent over 1 lakh since then on the app. If Swiggy dont care about me i will move to BB insta and zomato now. Pathetic.",1,0,"Hi, we are sorry about the below-par experience with your order. Please write to us at swiggysocial@swiggy.in along with the order ID, so we can assist you better.",2022-12-15 09:42:02,3.76.2,2022-12,1star,2022-H2,Payment/Transaction Issues,wrongly denied COD over old cancellation
Swiggy,2022-09-17 02:29:30,Fake people. Delivers fake and defective products. Dont buy anything from instamart.,1,0,"Hey there, we are sorry to have put you through such a situation. We would like to make amends and request you to kindly share the order ID along with the details of your concern at swiggysocial@swiggy.in and we will do what it takes to turn this around!",2022-09-17 02:31:55,,2022-09,1star,2022-H2,Order Accuracy,fake/defective instamart products
Swiggy,2022-11-06 17:09:37,"terrible delivery app, swear by zomato instead. im not a shareholder in zomato in any way but by experience I've learnt that swiggy and its delivery partners are terrible along with their service",1,0,"We are sorry to let you down. Please write to us at swiggysocial@swiggy.in from your registered email address elaborating further on your ordeal, so we can expiate for the miss.",2022-11-06 17:12:00,,2022-11,1star,2022-H2,Other/Not Categorizable,general negative comparison to competitor
Swiggy,2022-12-03 09:23:34,"Worst location tracker , Price rate are really high",1,0,"Hi there, we are sorry for any hassle you have faced while ordering with us. Please share the order ID along with the details of the issue by writing to us at swiggysocial@swiggy.in from your registered email address and we would be happy to connect with you and resolve the matter.",2022-12-03 09:31:55,,2022-12,1star,2022-H2,App Technical Issues,location tracker inaccurate
Swiggy,2022-11-04 07:07:29,Everytime my order late.. you have mentioned to deliver order within 30 to 60 min. But you are not on time everytime. I know about some mishapping for order delaying. But everytime????,1,0,"We are sorry to let you down. Please write to us at swiggysocial@swiggy.in from your registered email address elaborating further on your ordeal, so we can expiate for the miss.",2022-11-04 07:11:58,4.20.1,2022-11,1star,2022-H2,Delivery Time/Delay,consistently exceeds promised delivery window
Swiggy,2022-12-04 11:03:31,I have very bad experience with swiggy. I have received my order two hours late and not get proper compensation for that.,1,1,"Hey there, we are sorry for the unpleasant experience you had. Please share more details about the incident by writing an email at swiggysocial@swiggy.in from your registered email ID. we'll take it up.",2022-12-04 11:11:59,4.21.2,2022-12,1star,2022-H2,Delivery Time/Delay,"2 hours late, no compensation"
Swiggy,2022-12-23 19:03:11,the customer support is very bad and rude,1,1,"We're apologetic about this experience you've faced while ordering with us. Please write to us at swiggysocial@swiggy.in from your registered email address detailing your experience, so we can look into the issue and resolve it for you.",2022-12-23 19:12:00,4.22.0,2022-12,1star,2022-H2,Customer Support Experience,support described as bad and rude
Swiggy,2022-11-04 07:08:27,Absolutely hate the customer service.,1,0,"Hi there, apologies for the hassle you had to face. We would like to get this checked. Kindly drop an email to us at swiggysocial@swiggy.in from your registered mailbox and allow us the chance to do so.",2022-11-04 07:11:58,,2022-11,1star,2022-H2,Customer Support Experience,hate for customer service
Swiggy,2022-10-19 08:25:40,I would give it a zero star if there was a option available for that pathetic service very bad experience and they dont have proper location access which is the worst part of having a food delivery app i am checking my location 10 times and then also the delivery partner does not reach my location and i have to pay the cancellation fees every now and then i am paying cancellation fees i think rather then collecting cancellation fees you should work on your location and your app,1,14,We're disappointed to know the service has not been to your satisfaction. Kindly write to us at swiggysocial@swiggy.in from your registered email address and we'll have this addressed,2022-10-19 08:31:56,4.18.2,2022-10,1star,2022-H2,App Technical Issues,poor location access in app
Swiggy,2022-07-14 03:05:57,"I received the order from Adigas, which is completely spoilt and stinking, when I shared my concern The Customer support guy had sounded as if I made it up. Later he said he would Refund. After a while someone else picks up the chat and says, We can't refund. There are times I really enjoyed Swiggy, and it did help me a lot. But whenever I have a genuine concern, they write to me saying they'll need time to investigate. It's food, not a product to investigate",1,1,"Hello, we would like to know more about it. Please write to us at swiggysocial@swiggy.in with relevant details elaborating further on your ordering experience with us, so we can set this right for you.",2022-07-14 03:11:53,4.12.4,2022-07,1star,2022-H2,Restaurant/Food Quality,"spoilt/stinking food, support doubted claim"
Swiggy,2022-09-04 13:28:56,"charger so much on delivery, before order shows no delivery charges,,at the time of delivery it automatically adds higher amount,, chautiya banao funda,, bloody chors",1,0,"Hey there, that should not have happened and we would like to get this checked right away. Kindly help us with your order ID over an email to swiggysocial@swiggy.in, it will help us take this up with our executives and work on corrective measures.",2022-09-04 13:31:54,4.15.0,2022-09,1star,2022-H2,"Pricing, Charges & Refunds",hidden delivery charges added at checkout
Swiggy,2022-08-27 13:41:53,Too much too much expensive,1,0,"Hi, we are sorry about this. Please help us with the order id over an email at swiggysocial@swiggy.in, so we can help resolve the issue.",2022-08-27 13:51:58,3.62.0,2022-08,1star,2022-H2,"Pricing, Charges & Refunds",too expensive
Swiggy,2022-09-15 19:29:27,Bad service No value towards customers Scam and very bad responses from customer care as if swiggy itself does not exist! 🙏🏻,1,0,"Hi, we are sorry about the sub-par experience you had faced while ordering with us. Please write to us at swiggysocial@swiggy.in along with the order ID, so we can assist you better.",2022-09-15 19:31:56,4.16.5,2022-09,1star,2022-H2,Customer Support Experience,"scam-like experience, bad support responses"
Swiggy,2023-03-01 17:52:58,Worst Service.... Never Use It..... It's better to go yourself and get what you want....,1,0,"We are sorry to let you down. Please write to us at swiggysocial@swiggy.in from your registered email address elaborating further on your ordeal, so we can expiate for the miss.",2023-03-01 18:02:01,4.27.1,2023-03,1star,2023-H1,Other/Not Categorizable,generic warning not to use
Swiggy,2023-05-22 12:15:41,"Wrost experience, I would request people that never use the swiggy app ever. They took my money and didn't even return it. This is useless,",1,0,"Hey there, we request you to let us know more about your experience by writing us an email at swiggysocial@swiggy.in from your registered email ID so that we can have your concern addressed.
",2023-05-22 12:21:55,4.33.1,2023-05,1star,2023-H1,"Pricing, Charges & Refunds","money taken, not refunded"
Swiggy,2023-02-19 16:57:44,No response from customer support,1,0,"We are sorry to know that. Kindly share more about the issue by writing an email at swiggysocial@swiggy.in from your registered email ID, we'll take the necessary action on this.",2023-02-19 17:02:02,4.26.1,2023-02,1star,2023-H1,Customer Support Experience,no response from support
Swiggy,2023-06-29 09:56:57,Wrost app I never seen like this. They are cheating with us. They didn't deliver food on time and wrost help and support services. I placed a order which was cancelled by app. When I asked for refund they didn't get any refund to me,1,0,"Hi, we are sorry about the sub-par experience you had faced while ordering with us. Please write to us at swiggysocial@swiggy.in along with the order ID, so we can assist you better.",2023-06-29 10:02:02,,2023-06,1star,2023-H1,"Pricing, Charges & Refunds","order cancelled by app, refund issue"
Swiggy,2023-05-14 16:43:31,Poor service by Swiggy. No on time food. No proper helpline support.,1,0,"Hi, we are sorry about the below-par experience with your order. Please write to us at swiggysocial@swiggy.in along with the order ID, so we can assist you better.",2023-05-14 16:51:59,4.32.2,2023-05,1star,2023-H1,Delivery Time/Delay,"no on-time food, no helpline support"
Swiggy,2023-02-13 10:46:58,horrible customer service. Why do they call a number and cancel. why can't the delivery folks just walk to the door and ring the bell?,1,0,"Hey there, we apologize for the inconvenience caused. We request you to kindly let us know more about the issue by writing to us at swiggysocial@swiggy.in from your registered email address, so we can look into it and have it fixed at the earliest.",2023-02-13 10:52:02,4.23.2,2023-02,1star,2023-H1,Customer Support Experience,cancels via call instead of attempting delivery
Swiggy,2023-03-08 04:45:26,This is very bad app,1,0,"Hi, please write to us about your experience at swiggysocial@swiggy.in from your registered email address, so we can better our services.",2023-03-08 04:52:02,4.27.1,2023-03,1star,2023-H1,Other/Not Categorizable,generic negative statement
Swiggy,2023-06-12 11:13:33,Very bad service,1,0,"Hey there, we are sorry for the unpleasant experience you had. Please share more details about the incident by writing an email at swiggysocial@swiggy.in from your registered email ID. we'll take it up.",2023-06-12 11:22:02,4.34.0,2023-06,1star,2023-H1,Other/Not Categorizable,generic negative statement
Swiggy,2023-03-02 08:02:23,Not good writer service,1,0,"Hi, please write to us about your experience at swiggysocial@swiggy.in from your registered email address, so we can better our services.",2023-03-02 08:12:00,4.27.1,2023-03,1star,2023-H1,Other/Not Categorizable,unclear/garbled complaint
Swiggy,2023-05-11 09:34:12,Simply doing collection of mony no food nothing the delivery boy call and said you choose wrong adress so your cancellation charges will be 100 %🤣🤣good service Do not order in swiggy🙏🙏,1,0,"Hey there, that doesn't sound right. We would like to have this investigated. Please share the relevant order ID to swiggysocial@swiggy.in and we will assist you further in this regard.",2023-05-11 09:42:01,4.30.2,2023-05,1star,2023-H1,"Pricing, Charges & Refunds",100% cancellation charge over address dispute
Swiggy,2023-03-25 08:33:37,I set my location right outside the outlet and the app showed ₹40 delivery charges for 0km! There is manipulation in prices as well. E.g. if no coupons are available then prices will be normal but if any discount coupons are available then normal prices will be doubled and effective price after applying coupon will be same as previous price (without coupon).,1,5,"We're apologetic about this experience you've faced while ordering with us. Please write to us at swiggysocial@swiggy.in from your registered email address detailing your experience, so we can look into the issue and resolve it for you.",2023-03-25 08:41:57,4.29.0,2023-03,1star,2023-H1,"Pricing, Charges & Refunds",delivery fee charged despite zero distance
Swiggy,2023-05-26 19:56:44,out of stock,1,0,"Hello, we would like to know more about it. Please write to us at swiggysocial@swiggy.in with relevant details elaborating further on your ordering experience with us, so we can set this right for you.",2023-05-26 20:01:52,4.33.1,2023-05,1star,2023-H1,Other/Not Categorizable,stock availability comment
Swiggy,2023-04-11 15:24:17,Worst service ever got from any delivery service,1,0,"We are sorry to let you down. Please write to us at swiggysocial@swiggy.in from your registered email address elaborating further on your ordeal, so we can expiate for the miss.",2023-04-11 15:31:59,,2023-04,1star,2023-H1,Other/Not Categorizable,generic negative statement
Swiggy,2023-05-15 15:52:06,"Kindly delete this app. Dont use this, they are simply making money. Waste of morning ney and time. Worst app. The restaurants are fooling customers. Not delivering quality food and also ordered products will be missed when delivered. Not a single time. Multiple times same happened. Not taking any action on restaurants. Don't go for this app. Waste of money. Not responding properly to customers.",1,6,"Hi, we are sorry about this. Please help us with the order id over an email at swiggysocial@swiggy.in, so we can help resolve the issue.",2023-05-15 16:01:56,4.32.2,2023-05,1star,2023-H1,Restaurant/Food Quality,"poor food quality, restaurants misleading"
Swiggy,2023-06-24 16:17:58,why do you want to ask me for the review the moment I have installed the app ?,1,0,"Hi, please let us know how we can make our service better by writing to us at swiggysocial@swiggy.in from your registered email address.",2023-06-24 16:22:01,4.34.0,2023-06,1star,2023-H1,UX/Navigation/Usability,review prompt appears too early
Swiggy,2023-03-08 09:27:31,Today I had to order food for some guests but it is showing all outlets currently unavailable.,1,0,"Hey, we're sorry for the inconvenience caused. Kindly drop us an email at swiggysocial@swiggy.in from your registered email address regarding the same, and we'll work on fixing the issue asap.",2023-03-08 09:32:05,4.27.1,2023-03,1star,2023-H1,App Technical Issues,all outlets shown unavailable incorrectly
Swiggy,2023-02-16 09:36:34,You have so awfully disgusting app. You have been cancelling my orders from past 6 months after placing the order.,1,0,That doesn't seem right. Kindly help us with more details of this concern by writing to us at swiggysocial@swiggy.in from your registered email ID and we'll get this checked right away for you.,2023-02-16 09:42:03,4.26.1,2023-02,1star,2023-H1,Delivery Time/Delay,repeated order cancellations over months
Swiggy,2023-06-11 11:47:15,Grocery option not available this app,1,0,"Hi, please write to us about your experience at swiggysocial@swiggy.in from your registered email address, so we can better our services.",2023-06-11 11:51:59,4.34.0,2023-06,1star,2023-H1,Other/Not Categorizable,feature availability request
Swiggy,2023-01-20 17:42:25,such an ridiculous application i am going to escalate this to social media as its not delivered Food on time,1,1,"Hey there, we are sorry for the unpleasant experience you had. Please share more details about the incident by writing an email at swiggysocial@swiggy.in from your registered email ID. we'll take it up.",2023-01-20 17:51:59,4.22.0,2023-01,1star,2023-H1,Delivery Time/Delay,"food not delivered on time, threatens escalation"
Swiggy,2023-04-18 16:21:07,Swiggy instamart service availability is removed in my location just like that so what's this app is doing in my phone. Uninstalling.....,1,0,"Hello, we would like to know more about it. Please write to us at swiggysocial@swiggy.in with relevant details elaborating further on your ordering experience with us, so we can set this right for you.",2023-04-18 16:21:56,4.30.2,2023-04,1star,2023-H1,Other/Not Categorizable,"service removed from area, uninstalling"
Swiggy,2023-03-17 17:41:33,"It's the worst ever service given by swiggy. I ordered some food for my 3 yr old daughter from swiggy at 10.05 PM with a waiting time of 30 min. After almost 1 hour also, my order was not delivered. I called the restaurant, Nandhana restaurant in bangalore, nobody is picking the call. Then I called the delivery partner named senthil, he said the restaurant is not giving me the order as it is already picked by some other person. Now it is almost more than one and half hour and the food is not yet",1,0,"Hello, we would like to know more about it. Please write to us at swiggysocial@swiggy.in with relevant details elaborating further on your ordering experience with us, so we can set this right for you.",2023-03-17 17:42:02,4.28.2,2023-03,1star,2023-H1,Delivery Time/Delay,order for child delayed over an hour
Swiggy,2023-04-28 19:23:11,Poor service no point of order from this just for name sake. Can't properly maintain Delivery boys for food 😕😕,1,0,"Hey there, we apologize for the inconvenience caused. We request you to kindly let us know more about the issue by writing to us at swiggysocial@swiggy.in from your registered email address, so we can look into it and have it fixed at the earliest.",2023-04-28 19:31:54,4.31.1,2023-04,1star,2023-H1,Delivery Time/Delay,"cannot maintain delivery staff, poor service"
Swiggy,2023-02-04 16:46:25,Payment deducted but order was not placed. i tried to contact customer care but no one was replying to my messages. Swiggy was one of the best options but now they just lost one customer!! Don't do fraud like this please. Atleast talk to your customers!!,1,0,"Hey there, we are sorry to have put you through such a situation. We would like to make amends and request you to kindly share the order ID along with the details of your concern at swiggysocial@swiggy.in and we will do what it takes to turn this around!",2023-02-04 16:51:54,,2023-02,1star,2023-H1,Payment/Transaction Issues,"payment deducted, order not placed"
Swiggy,2023-04-19 04:11:41,The delivery guy told me are you Chinese and I speak up with Hindi that I'm also an Indian as if he doesn't see white yellow back ect person who is Indian citizen. I'm not support that the swigy have such delivery customer service.,1,0,This shouldn't have happened. Kindly help us with the order ID along with the details of the issue by writing to us at swiggysocial@swiggy.in from your registered email ID & we will have this checked.,2023-04-19 04:12:01,4.30.2,2023-04,1star,2023-H1,Customer Support Experience,delivery partner made discriminatory remark
Swiggy,2023-03-08 14:46:46,Very bad controversy is big I hate this app 8 never install this app Very bad,1,0,"Hey there, we are sorry to have put you through such a situation. We would like to make amends and request you to kindly share the order ID along with the details of your concern at swiggysocial@swiggy.in and we will do what it takes to turn this around!",2023-03-08 14:51:58,,2023-03,1star,2023-H1,Other/Not Categorizable,vague negative statement
Swiggy,2023-04-29 02:29:37,Very cheap and fool app . All are theif,1,0,This shouldn't have happened. Kindly help us with the order ID along with the details of the issue by writing to us at swiggysocial@swiggy.in from your registered email ID & we will have this checked.,2023-04-29 02:31:56,,2023-04,1star,2023-H1,Other/Not Categorizable,generic accusation of dishonesty
Swiggy,2023-02-15 16:40:03,I am not able to login to this app it says already logged for last 6 months. Tried to find a customer contact but none are working. Really frustrated,1,0,"Hey there, we are sorry to have put you through such a situation. We would like to make amends and request you to kindly share the order ID along with the details of your concern at swiggysocial@swiggy.in and we will do what it takes to turn this around!",2023-02-15 16:42:01,4.26.1,2023-02,1star,2023-H1,App Technical Issues,"login error, no working support contact"
Swiggy,2023-04-11 05:50:30,Not getting any offers.,1,0,"Hello, we're sorry for the unpleasant experience. Please share your concern along with your order details via email at swiggysocial@swiggy.in so that we will look into this & assist you better.",2023-04-11 05:51:56,4.29.1,2023-04,1star,2023-H1,"Pricing, Charges & Refunds",no offers being received
Swiggy,2023-02-16 16:59:29,I ordered multiple times but half of the times I received cold food due to clubbing of orders in same delivery cycle.,1,0,"Hi there, we are sorry for any hassle you have faced while ordering with us. Please share the order ID along with the details of the issue by writing to us at swiggysocial@swiggy.in from your registered email address and we would be happy to connect with you and resolve the matter.",2023-02-16 17:01:55,4.25.2,2023-02,1star,2023-H1,Restaurant/Food Quality,cold food from order clubbing
Swiggy,2023-04-09 09:52:29,Worst app and when I ordered groceries from this app..then received damaged or expired items,1,0,That doesn't seem right. Kindly help us with more details of this concern by writing to us at swiggysocial@swiggy.in from your registered email ID and we'll get this checked right away for you.,2023-04-09 10:01:54,4.29.1,2023-04,1star,2023-H1,Order Accuracy,damaged or expired grocery items
Swiggy,2023-04-04 17:12:34,Everyone is cheater no nobody helping us if we are facing problem then they are saying wait for 5 minutes wait for 10 minutes and then seeing contact with 24 hours mail no one is solving problem everybody is looting money that's it don't use this app i loss my money lots of time not only one time,1,0,"Hey there, we would like to understand more about this issue. Please share the order ID via email to swiggysocial@swiggy.in for a quick check and we will get back to you at the earliest.",2023-04-04 17:21:59,4.29.1,2023-04,1star,2023-H1,Customer Support Experience,no one resolves issues promptly
Swiggy,2023-03-07 08:57:43,Unnecessary unwanted ads . Can survive and buy foods by visiting or cooking from nearby food stall or at home respectively .,1,0,We're disappointed to know the service has not been to your satisfaction. Kindly write to us at swiggysocial@swiggy.in from your registered email address and we'll have this addressed,2023-03-07 09:02:05,,2023-03,1star,2023-H1,UX/Navigation/Usability,unwanted ads in app
Swiggy,2023-04-07 02:48:24,"Irresponsible support team and no proper updates of order....its waste of our time by using this app. Better go for other online delivery apps, if required.",1,0,We're disappointed to know the service has not been to your satisfaction. Kindly write to us at swiggysocial@swiggy.in from your registered email address and we'll have this addressed.,2023-04-07 02:51:54,,2023-04,1star,2023-H1,Customer Support Experience,"irresponsible support, no order updates"
Swiggy,2023-02-23 06:55:53,"Big scammer...Swiggy looks like..Why should I delete my order..if ur delivery partner delay to deliver our food,,,, then we are not cancelled the order or we not do something else with the order like you scammers..But u bludy people are cancelled my order just for few minutes delay....Is this ur business....To take money from needy people(food) without any other option... If u guys are delay to deliver the food... So we have to wait... Because we are already paid to u.. But u can't for us..great",1,0,"Hey there, we would like to get this checked to see what went wrong. Kindly help us with your registered details at swiggysocial@swiggy.in and we will do what it takes to turn this around!",2023-02-23 07:01:56,,2023-02,1star,2023-H1,Delivery Time/Delay,delivery partner delay causing order issue
Swiggy,2023-06-13 07:50:27,They doing really fraud with customers. Sending 1-2 days old food with higher rate and not same as shown in Swiggy app totally different. Guy's don't use such a app if you're ordering online food then search some better app.,1,0,"Hey there, we would like to understand the miss in delivering the order within the promised timeline. Please share your order ID by writing to us at swiggysocial@swiggy.in from your registered email ID to have this checked further.",2023-06-13 07:52:01,4.34.0,2023-06,1star,2023-H1,Restaurant/Food Quality,"old food sent, mismatched from app listing"
Swiggy,2023-05-09 16:18:08,Not happy with the service,1,0,"Hello, we're sorry for the unpleasant experience. Please share your concern along with your order details via email at swiggysocial@swiggy.in so that we will look into this & assist you better.",2023-05-09 16:21:59,4.31.1,2023-05,1star,2023-H1,Other/Not Categorizable,generic dissatisfaction
Swiggy,2023-04-17 10:35:02,"Useless money minting app. You order something else, you get something else and that too spilled. You are charged for packaging but all you get is spilled food and a piece of paper bag in the name of packaging. You try to reach out to customer care, they just cut your conversation. You Email them with proofs and videos, they do not reply. It's a useless app trying to cheat customers and makes you embarassed in front of your guests when you are waiting for food.",1,0,"Hey, we're sorry for the inconvenience caused. Kindly drop us an email at swiggysocial@swiggy.in from your registered email address regarding the same, and we'll work on fixing the issue asap.",2023-04-17 10:42:05,,2023-04,1star,2023-H1,Order Accuracy,"wrong item, spilled, charged for packaging"
Swiggy,2023-05-20 12:36:18,U can't belive this app if your order come wrong they r not refund you 😡,1,1,"Hi there, we are sorry for any hassle you have faced while ordering with us. Please share the order ID along with the details of the issue by writing to us at swiggysocial@swiggy.in from your registered email address and we would be happy to connect with you and resolve the matter.",2023-05-20 12:42:04,4.30.2,2023-05,1star,2023-H1,"Pricing, Charges & Refunds",no refund for wrong order
Swiggy,2023-06-23 13:44:44,Don't order by using Swiggy. They were unable to deliver food saying delivery boy bike is broken down and suddenly after 2 hours they re-ordered my food without my knowledge while I have ordered same food from somewhere esle they cancelled it and charged me full amount of cancellation charges. Phathic experience. If such issues will continue swiggy will disappear from Market no customer no business.,1,0,"We're apologetic about this experience you've faced while ordering with us. Please write to us at swiggysocial@swiggy.in from your registered email address detailing your experience, so we can look into the issue and resolve it for you.",2023-06-23 13:51:55,4.30.0,2023-06,1star,2023-H1,Delivery Time/Delay,"delivery failed, order reprocessed without consent"
Swiggy,2023-02-24 13:34:02,Mera act deactivated kar diya bina information very bad service,1,0,"Hello, we're sorry for the unpleasant experience. Please share your concern along with your order details via email at swiggysocial@swiggy.in so that we will look into this & assist you better.",2023-02-24 13:41:53,4.26.1,2023-02,1star,2023-H1,App Technical Issues,account deactivated without notice
Swiggy,2023-03-08 12:24:03,It is the worst app I hv downloaded for me it's a waste of time and money 💰 I can walk to get food inspite of ordering from swigy Jai shree ram ❤️,1,0,"Hey there, that doesn't sound right. We would like to have this investigated. Please share the relevant order ID to swiggysocial@swiggy.in and we will assist you further in this regard.",2023-03-08 12:32:07,,2023-03,1star,2023-H1,Other/Not Categorizable,generic waste of time/money statement
Swiggy,2023-05-11 14:02:21,Really bad experience bal er app,1,0,We're disappointed to know the service has not been to your satisfaction. Kindly write to us at swiggysocial@swiggy.in from your registered email address and we'll have this addressed,2023-05-11 14:11:54,,2023-05,1star,2023-H1,Other/Not Categorizable,vague negative statement
Swiggy,2023-05-20 20:02:22,Swiggy delivered my order in 4.5 hours it's my 4 time and it was showing me 30 minutes 😂😂 even I am swiggy's subscriber but this happened... Well-done swiggy your service is actually good .. Thankeeuh so much,1,1,"Hello, we would like to know more about it. Please write to us at swiggysocial@swiggy.in with relevant details elaborating further on your ordering experience with us, so we can set this right for you.",2023-05-20 20:11:59,4.32.2,2023-05,1star,2023-H1,Delivery Time/Delay,4.5 hours vs 30 min estimate
Swiggy,2023-01-18 21:02:56,Unable to login to the app. Getting error message.,1,0,"Hi, we are sorry about this. Please help us with the order id over an email at swiggysocial@swiggy.in, so we can help resolve the issue.",2023-01-18 21:12:03,4.24.2,2023-01,1star,2023-H1,App Technical Issues,login error message
Swiggy,2023-07-16 10:29:22,Bad experience with the application Did able to login in my current phone Telling again and again that too many attempt are made Please login via number u have loging previously If I have more than 2 numbers than u can't use the ur appreciation What the reason behind this I am unable to log in,1,0,That doesn't seem right. Kindly help us with more details of this concern by writing to us at swiggysocial@swiggy.in from your registered email ID and we'll get this checked right away for you.,2023-07-16 10:32:22,4.10.2,2023-07,1star,2023-H2,App Technical Issues,"login blocked, too many attempts error"
Swiggy,2023-07-16 10:28:45,Customer support team to much slow,1,0,"Hi, we are sorry about the below-par experience with your order. Please write to us at swiggysocial@swiggy.in along with the order ID, so we can assist you better.",2023-07-16 10:32:20,4.36.3,2023-07,1star,2023-H2,Customer Support Experience,support response too slow
Swiggy,2023-07-01 06:31:38,"Worst customer service. They don't care about customers at all. They won't talk and close the complaint on their own. FYI it's no use complaining to swiggy about missing items. Taking up with them repeatedly won't help. THEY CONFIRM IT FROM THE RESTAURANT WHO DO THIS IN THE FIRST PLACE. Hey swiggy, either come up with a transparent process or close shop (you middleman/broker).",1,5,"Hey there, we are sorry to have put you through such a situation. We would like to make amends and request you to kindly share the order ID along with the details of your concern at swiggysocial@swiggy.in and we will do what it takes to turn this around!",2023-07-01 06:31:56,4.35.3,2023-07,1star,2023-H2,Customer Support Experience,"closes complaints unilaterally, missing items"
Swiggy,2023-07-04 17:11:19,Worst app for online cravings ever,1,0,"We're apologetic about this experience you've faced while ordering with us. Please write to us at swiggysocial@swiggy.in from your registered email address detailing your experience, so we can look into the issue and resolve it for you.",2023-07-04 17:12:20,,2023-07,1star,2023-H2,Other/Not Categorizable,generic negative statement
Swiggy,2023-07-03 16:28:48,Pathetic customer service. They marked the items delivered without delivering it and I approached customer care they simply kept me on chat for 20 min with only one time response of sorry for the inconvenience.,1,0,"We're apologetic about this experience you've faced while ordering with us. Please write to us at swiggysocial@swiggy.in from your registered email address detailing your experience, so we can look into the issue and resolve it for you.",2023-07-03 16:32:22,4.31.1,2023-07,1star,2023-H2,Customer Support Experience,"falsely marked delivered, unhelpful chat"
Swiggy,2023-07-16 07:36:40,Your app just doesn't work. Payment is getting withheld and again and again asking to pay through UPI. And it never opens at one time. Multiple times it just open and shut down automatically.,1,0,"Hey there, we request you to let us know more about your experience by writing us an email at swiggysocial@swiggy.in from your registered email ID so that we can have your concern addressed.
",2023-07-16 07:42:21,4.36.3,2023-07,1star,2023-H2,App Technical Issues,"payment withheld, app crashes repeatedly"
Swiggy,2023-07-06 11:54:05,Very poor app they do not have any hold on thire delivery partners.,1,0,"Hello, we're sorry for the unpleasant experience. Please share your concern along with your order details via email at swiggysocial@swiggy.in so that we will look into this & assist you better.",2023-07-06 12:02:21,,2023-07,1star,2023-H2,Delivery Time/Delay,no control over delivery partners
Swiggy,2023-07-22 17:35:37,"Worst online delivery app, they ruined my money, they don't provide the correct orders what I placed, they don't even value the money. Never use it never ever.",1,0,"Hi, we are sorry about this. Please help us with the order id over an email at swiggysocial@swiggy.in, so we can help resolve the issue.",2023-07-22 17:42:22,4.36.3,2023-07,1star,2023-H2,Order Accuracy,incorrect orders delivered repeatedly
Swiggy,2023-07-15 08:41:32,"Pathetic service, customer service didn't provide any resolution",1,0,"Hi there, we're sorry for the unpleasant experience. Please share your concerns via email at swiggysocial@swiggy.in & we'll surely work towards improving the services.",2023-07-15 08:42:24,4.35.4,2023-07,1star,2023-H2,Customer Support Experience,no resolution provided
Swiggy,2022-05-18 16:23:15,Delivery time keeps on changing constantly after ordering. It showed me 20 minutes time but took exactly 1 hour after showing many fluctuating timings,2,0,"We are sorry to let you down. Please write to us at swiggysocial@swiggy.in from your registered email address elaborating further on your ordeal, so we can expiate for the miss.",2022-05-18 16:31:54,4.7.0,2022-05,2star,2022-H1,Delivery Time/Delay,"ETA changes constantly, actual much longer"
Swiggy,2022-03-27 13:59:52,"delivery and taxes , some food items costs are very high...",2,0,"Hi, please write to us about your experience at swiggysocial@swiggy.in from your registered email address, so we can better our services.",2022-03-27 14:01:58,4.4.1,2022-03,2star,2022-H1,"Pricing, Charges & Refunds",high delivery and food costs
Swiggy,2022-07-19 12:07:11,I am a regular user of Swiggy for a long time. But now I am facing lot of problems while using this app. Whenever I open swiggy app it takes 2-3 minutes. And after order I am unable to receive any call from delivery partner. ( My mobile is fully updated ),2,0,"Hey, we request you to let us know more about your experience by writing us an email at swiggysocial@swiggy.in from your registered email ID so that we can have your concern addressed.",2022-07-19 12:11:55,,2022-07,2star,2022-H2,App Technical Issues,"app slow to open, call issues"
Swiggy,2022-08-14 09:58:56,Delivery too late because of one delivery person with multiple delivery with multiple addresses at same time,2,0,"We are sorry to let you down. Please write to us at swiggysocial@swiggy.in from your registered email address elaborating further on your ordeal, so we can expiate for the miss.",2022-08-14 10:01:58,4.14.3,2022-08,2star,2022-H2,Delivery Time/Delay,one driver handling multiple deliveries
Swiggy,2023-05-14 15:58:11,Zomato is obviously better because of quality service and mire experience and second reason price are very high as compared to real delivery charges also high and not good quality systematic service,2,0,"Hi, please write to us about your experience at swiggysocial@swiggy.in from your registered email address, so we can better our services.",2023-05-14 16:01:55,,2023-05,2star,2023-H1,"Pricing, Charges & Refunds",higher prices and charges than competitor
Swiggy,2023-03-26 09:34:41,"Pathetic. Can't place a single order for last 15 days. Even restaurants 2 km away from Delhi and Noida ( I'm in East Delhi) are showing as outside delivery area and not delivering to my place. Earlier swiggy was delivering from places as far as 10-12 km. Even after escalation swiggy guys have no clue for the last one week as to what's happening, or don't bother to understand. I'm a swiggy one member and 1200/- paid for the same is wasted as I'm not able to order from anywhere.",2,0,"Hi, we are sorry about the ordeal. Please write to us at swiggysocial@swiggy.in along with the order ID, so we can assist you better.",2023-03-26 09:42:00,4.28.2,2023-03,2star,2023-H1,App Technical Issues,nearby restaurants incorrectly shown out of range
Swiggy,2023-04-17 17:22:33,Everytime when we do the order they take 25% more time than they say Not even they get delivery partner on time It's like they are doing business for money not for service,2,0,"Hi, we are sorry about the ordeal. Please write to us at swiggysocial@swiggy.in along with the order ID, so we can assist you better.",2023-04-17 17:32:03,,2023-04,2star,2023-H1,Delivery Time/Delay,consistently 25% longer than promised
Swiggy,2023-07-22 07:39:37,Personally I think Swiggy takes a way more time than Zomato to deliver an order. Also we can't track the delivery partners that easily there's always a glitch which I didn't have in Zomato,2,0,"Hey, we request you to let us know more about your experience by writing us an email at swiggysocial@swiggy.in from your registered email ID so that we can have your concern addressed.",2023-07-22 07:42:21,4.36.3,2023-07,2star,2023-H2,Delivery Time/Delay,"slower than competitor, tracking glitches"
Swiggy,2022-04-22 14:42:19,Instructions to the restaurant is a needed option,3,0,"Hey there, we are thankful to you for your review! We request you to let us know more about your experience by writing an email to swiggysocial@swiggy.in so we can make our services better.",2022-04-22 14:52:03,4.5.0,2022-04,3star,2022-H1,UX/Navigation/Usability,wants restaurant instructions option
Swiggy,2022-08-07 13:51:04,delivery is very slow,3,0,"Hi, we are disappointed to hear about the trouble we put you through. We would like to look into this and make amends for the hassle. Please do share your registered details by dropping an email at swiggysocial@swiggy.in, we will ensure the quickest resolution.",2022-08-07 13:51:53,,2022-08,3star,2022-H2,Delivery Time/Delay,slow delivery
Swiggy,2023-01-02 05:10:33,Saves time. Best service,3,0,"We extend our gratitude for reviewing us. However, we do understand that there is room for improvement to achieve a 5-star from you. We look forward to hearing from you via mail addressed to swiggysocial@swiggy.in from your registered email address.",2023-01-02 05:12:00,4.23.2,2023-01,3star,2023-H1,Positive Feedback/Praise,"saves time, best service"
Swiggy,2023-04-03 05:39:39,Very high prices of food included high delivery charges,3,0,"Hello there, we're sorry for the unpleasant experience. Please share your order details via email at swiggysocial@swiggy.in so that we will look into this & assist you better.",2023-04-03 05:41:53,4.7.0,2023-04,3star,2023-H1,"Pricing, Charges & Refunds",high food and delivery prices
Swiggy,2023-07-20 16:48:33,"Let the app move smoothly because, when we open the app it lagging al time the time at starting, So, please do work on that.",3,0,"Hey there, we are thankful to you for your review! We request you to let us know more about your experience by writing an email to swiggysocial@swiggy.in so we can make our services better.",2023-07-20 16:52:21,4.37.1,2023-07,3star,2023-H2,App Technical Issues,app lags on startup
Swiggy,2022-04-23 14:01:29,"Good food, but extra effort in food quality.",4,0,"Hi there, thank you for the ratings. We would surely like to hear your feedback to do our best on implementing them in the future and earn the TOP rating. Do write to us at Swiggysocial@swiggy.in from your registered mailbox.",2022-04-23 14:02:01,4.7.0,2022-04,4star,2022-H1,Restaurant/Food Quality,food quality needs more effort
Swiggy,2022-06-04 07:30:58,My go to food delivery app. Good customer service is the reason I choose this app but it's not always that good.,4,0,"Hey there, appreciate your feedback, we give utmost priority to our user's feedback and would request you to share yours on swiggysocial@swiggy.in and we can work towards implementing them to provide better services.",2022-06-04 07:31:56,,2022-06,4star,2022-H1,Customer Support Experience,service inconsistent despite being reason for choosing app
Swiggy,2022-09-01 11:36:43,"venila cake which I orderd is good, but over decoration, less cake, more cream. taste ok. prompt in delivery.",4,0,"Hey, thank you for your kind review. We hope to keep on giving you a consistent service every time. We request you to let us know more about your experience by writing an email to swiggysocial@swiggy.in so we can make our services better.",2022-09-01 11:41:57,4.15.0,2022-09,4star,2022-H2,Restaurant/Food Quality,cake presentation didn't match order
Swiggy,2022-10-04 12:41:55,delivery charge is a bit high,4,0,"Hey there, we are thankful to you for your review! We request you to let us know more about your experience by writing an email to swiggysocial@swiggy.in so we can make our services better.",2022-10-04 12:51:59,4.17.0,2022-10,4star,2022-H2,"Pricing, Charges & Refunds",delivery charge slightly high
Swiggy,2023-06-18 12:13:58,"Quick and good, but sometimes drivers dont know the routes and come across as annoyed or frustrated.",4,0,"Hi there, thank you for the ratings. We would surely like to hear your feedback to do our best on implementing them in the future and earn the TOP rating. Do write to us at Swiggysocial@swiggy.in from your registered mailbox.",2023-06-18 12:14:16,4.34.0,2023-06,4star,2023-H1,Delivery Time/Delay,drivers unfamiliar with routes
Swiggy,2023-06-24 09:41:49,good deliver the food,4,0,Hey there! Such positive reviews motivate us to strive hard to provide you a much better experience. We request you to let us know more about your experience by writing an email to swiggysocial@swiggy.in so we can make our services better.,2023-06-24 09:51:59,4.34.0,2023-06,4star,2023-H1,Positive Feedback/Praise,good delivery
Swiggy,2023-05-03 16:00:19,Giving 4 stars only because this app gives offers.. But nowadays not giving offers like 60% off and more on dhabas near me... And the worst thing is delivery time is more than 30 minutes for any food order... It shows 20 mins. but it delivers in more than 30-40 mins.,4,0,"Hello there, thank you for your review. Please do share your valuable feedback with us by writing at Swiggysocial@swiggy.in from your registered mailbox so that we can improve our services to the next level.",2023-05-03 16:01:58,4.31.1,2023-05,4star,2023-H1,"Pricing, Charges & Refunds",reduced offers compared to before
Swiggy,2023-07-22 04:11:05,Food delivery is good. Delivery personnel can be better and decently dressed.,4,0,"Hey, thanks for the rating! This motivates us to keep serving you better with every order. We would love to hear from you about how we could hit the 5-star rating. Please do share your thoughts by dropping an email at swiggysocial@swiggy.in.",2023-07-22 04:12:20,4.36.3,2023-07,4star,2023-H2,Customer Support Experience,delivery personnel presentation could improve
Swiggy,2022-02-17 18:56:49,My home restaurant. This app makes me to feel my mom is always with me by delicious food 😋...,5,0,Hey there! It's a bliss to see that our service brought a smile to your face. We'll endeavor to keep it up. Keep Swiggying. 🙂,2022-02-17 19:02:05,,2022-02,5star,2022-H1,Positive Feedback/Praise,"delicious, comforting food experience"
Swiggy,2022-01-27 11:10:28,Fast and safety food delivery app...,5,0,"Hey, thank you for your feedback. We request you to let us know more about your experience by writing an email to swiggysocial@swiggy.in so we can make our services better.",2022-01-27 18:32:12,4.1.1,2022-01,5star,2022-H1,Positive Feedback/Praise,fast and safe delivery
Swiggy,2022-03-08 16:13:28,"Nice, It was delivered within a short time.",5,0,"Hey, thanks for the rating! This motivates us to keep serving you better with every order.",2022-03-08 16:21:54,4.2.2,2022-03,5star,2022-H1,Positive Feedback/Praise,delivered quickly
Swiggy,2022-03-29 05:44:32,Easy to order. Reached home within specified time. Great service. Loved it,5,0,Hey there! It's a bliss to see that our service brought a smile to your face. We'll endeavor to keep it up. Keep Swiggying. 🙂,2022-03-29 05:52:00,4.5.0,2022-03,5star,2022-H1,Positive Feedback/Praise,"easy order, on-time, great service"
Swiggy,2022-05-07 14:38:51,"Very nice app, with good discounts.",5,0,We are happy to hear such positive feedback. 🙂,2022-05-07 14:41:58,4.8.0,2022-05,5star,2022-H1,Positive Feedback/Praise,"nice app, good discounts"
Swiggy,2022-02-26 14:09:32,Yummy and professional. A very efficient food and neccecities shopping platform ❤️❤️,5,0,Hey there! Such positive reviews motivate us to strive hard to provide you a much better experience. Happy ordering. 🙂,2022-02-26 14:11:59,4.2.2,2022-02,5star,2022-H1,Positive Feedback/Praise,"efficient, professional platform"
Swiggy,2022-03-14 17:26:49,Swiggy is nice App n super fast delivery,5,0,Yay! We are super happy to know that you are enjoying our services. Thanks for taking the time out and sharing the review with a perfect star rating. Keep Ordering. 🙂,2022-03-14 17:31:55,4.3.2,2022-03,5star,2022-H1,Positive Feedback/Praise,super fast delivery
Swiggy,2022-12-05 19:22:21,Swiggy is best platforms,5,0,"Hi there, thank you for your patronage and the perfect rating. We will strive to provide consistent seamless ordering experiences. Keep Swiggying!",2022-12-05 19:31:58,4.21.2,2022-12,5star,2022-H2,Positive Feedback/Praise,best platform
Swiggy,2022-09-03 13:01:21,Very reliable. Prompt and speedy. We love this app for ordering.,5,0,We are happy to hear such positive feedback. 🙂,2022-09-03 13:02:00,4.15.0,2022-09,5star,2022-H2,Positive Feedback/Praise,"reliable, prompt, speedy"
Swiggy,2022-09-04 12:19:40,"I have paid rs 400 approximately for 3 month's free delivery , but still u people are adding delivery charges. Delivery as usual late. Perfect in nothing. Stars can be given in minus.",5,0,"Hey, thank you for the ratings. We request you to let us know more about your experience by writing an email to swiggysocial@swiggy.in so we can make our services better.",2022-09-04 12:21:57,4.15.0,2022-09,5star,2022-H2,"Pricing, Charges & Refunds",paid for free delivery still charged
Swiggy,2022-08-20 09:17:33,Why instamart is not visible in app? How to order in instamart?,5,0,"Hey, thank you for your kind review. We hope to keep on giving you a consistent service every time. We request you to let us know more about your experience by writing an email to swiggysocial@swiggy.in so we can make our services better.",2022-08-20 09:22:01,4.14.3,2022-08,5star,2022-H2,UX/Navigation/Usability,"instamart not visible, confusing"
Swiggy,2022-12-30 15:05:07,"Swiggy has not disappointed me in a food order ever. Prices are competitive with other apps. There are very few instances of goofups in grocery orders so I'm not deducting a star because goofups are inevitable. Swiggy customer support is very helpful then in fixing the problem always! Its a part of my daily life. Go ahead, get it.",5,17,"Hey there, we are thankful to you for your review! We request you to let us know more about your experience by writing an email to swiggysocial@swiggy.in so we can make our services better.",2022-12-30 15:11:57,4.23.2,2022-12,5star,2022-H2,Positive Feedback/Praise,"reliable, competitive prices"
Swiggy,2022-09-10 14:35:27,Good meat but cost high,5,0,"Hey there, we are thankful to you for your review! We request you to let us know more about your experience by writing an email to swiggysocial@swiggy.in so we can make our services better.",2022-09-10 14:42:02,4.13.1,2022-09,5star,2022-H2,"Pricing, Charges & Refunds",good meat but cost high
Swiggy,2022-09-10 10:49:48,Good service and interesting offers,5,0,"Hey there, glad that we have stood up to your expectations. Thank you for the positive review and the perfect star rating. Keep Swiggying. 🙂",2022-09-10 10:52:03,4.1.1,2022-09,5star,2022-H2,Positive Feedback/Praise,good service and offers
Swiggy,2023-05-06 11:48:21,Better app than Zomato delivery.,5,0,"Hey there, nothing delights us more than hearing this. We are happy that you had a great experience. Keep Swiggying. 🙂",2023-05-06 11:51:59,4.32.1,2023-05,5star,2023-H1,Positive Feedback/Praise,prefers over competitor
Swiggy,2023-06-25 06:26:30,vary use full,5,0,"Hey there, thank you for the valuable feedback. We request you to let us know more about your experience by writing an email to swiggysocial@swiggy.in so we can make our services better.",2023-06-25 06:31:58,4.34.0,2023-06,5star,2023-H1,Positive Feedback/Praise,very useful
Swiggy,2023-04-08 03:40:46,"No point we are somewhere out of home., Swiggy is there to serve us what we want. Thank you.....",5,0,"Hey there, thank you for the perfect ratings. We appreciate your efforts in contributing to our improvements.",2023-04-08 03:41:52,4.29.1,2023-04,5star,2023-H1,Positive Feedback/Praise,convenient when out of home
Swiggy,2023-03-27 13:29:35,good food delivery app,5,0,"Hey there, thank you for the perfect ratings. We appreciate your efforts in contributing to our improvements.",2023-03-27 13:31:56,4.29.0,2023-03,5star,2023-H1,Positive Feedback/Praise,good food delivery app
Swiggy,2023-06-10 21:03:23,"Something is broken with scroll smoothness, its was smooth till recent time but has gone wrong which I found very irritating. Bringing to your attention Pls revert back whatever has caused this.",5,0,"Hey there, appreciate you for rating us 5-star and giving us your honest feedback. Do elaborate your concern along with the necessary details by writing an email at swiggysocial@swiggy.in from your registered email ID, we'll look into it.",2023-06-10 21:12:03,4.34.0,2023-06,5star,2023-H1,App Technical Issues,scroll smoothness broken recently
Swiggy,2023-06-23 10:11:40,Delicious and authentic Chinese cuisine,5,0,"Hey, thanks for the rating! This motivates us to keep serving you better with every order.",2023-06-23 10:11:57,4.23.2,2023-06,5star,2023-H1,Positive Feedback/Praise,delicious authentic cuisine
Swiggy,2023-01-31 09:56:17,The amazing app for like this is our discount coupon and all food corners,5,1,"Hey there, glad that we have stood up to your expectations. Thank you for the positive review and the perfect star rating. Keep Swiggying. 🙂",2023-01-31 10:01:59,4.25.2,2023-01,5star,2023-H1,Positive Feedback/Praise,"amazing app, discount coupons"
Swiggy,2023-02-09 17:51:05,Very useful app and fast delivery 👍,5,0,"Hello, nothing delights us more than hearing this. We are happy that you had a great experience. Keep Swiggying. 😊",2023-02-09 17:52:03,4.21.2,2023-02,5star,2023-H1,Positive Feedback/Praise,"useful, fast delivery"
Swiggy,2023-05-28 04:22:59,Better and affordable than zomato,5,0,Yay! We are super happy to know that you are enjoying our services. Thanks for taking the time out and sharing the review with a perfect star rating. Keep Ordering. 🙂,2023-05-28 04:31:57,,2023-05,5star,2023-H1,Positive Feedback/Praise,better/affordable than competitor
Swiggy,2023-06-05 08:12:13,Good but nowadays the delivery charges are increasing day by day. It is inconvenience for us.,5,0,"Hey there, thanks for your valuable feedback. Please elaborate more on the issue by dropping an email at swiggysocial@swiggy.in, so we can assist you better.",2023-06-05 08:14:04,4.33.1,2023-06,5star,2023-H1,"Pricing, Charges & Refunds",delivery charges increasing over time
Swiggy,2023-05-09 13:37:13,very good food delivery company,5,0,Yay! We are super happy to know that you are enjoying our services. Thanks for taking the time out and sharing the review with a perfect star rating. Keep Ordering. 🙂,2023-05-09 13:41:55,4.31.1,2023-05,5star,2023-H1,Positive Feedback/Praise,very good food delivery company
Swiggy,2023-04-01 15:22:26,Excellent apps at the time of need. offers are very attractive. Happy to use it.,5,0,"Hey there, thank you for the perfect ratings. We appreciate your efforts in contributing to our improvements.",2023-04-01 15:31:52,4.29.1,2023-04,5star,2023-H1,Positive Feedback/Praise,"excellent, attractive offers"
Swiggy,2023-02-04 08:54:22,Best app for food delivery and service is too good,5,0,"Hey, we are glad to have patrons like you and will strive towards providing better services to keep such reviews coming our way. Keep ordering.",2023-02-04 09:01:59,4.25.2,2023-02,5star,2023-H1,Positive Feedback/Praise,"best app, good service"
Swiggy,2023-01-22 12:53:34,the best app ever made for people best quality fast delivery And so all,5,0,"Hello, nothing delights us more than hearing this. We are happy that you had a great experience. Keep Swiggying. 😊",2023-01-22 13:02:01,4.24.2,2023-01,5star,2023-H1,Positive Feedback/Praise,"best app, quality fast delivery"
Swiggy,2023-07-07 09:19:26,Yesterday by mistake i have ordered to different location but Swiggy help me out and did the full refund in just 30 secs. Thank you Swiggy.🫡,5,1,"Hey there, thank you for the valuable feedback. We request you to let us know more about your experience by writing an email to swiggysocial@swiggy.in so we can make our services better.",2023-07-07 09:22:20,4.36.1,2023-07,5star,2023-H2,Positive Feedback/Praise,"quick full refund after mistake, thankful"
Swiggy,2023-07-13 16:18:56,VERY NICE DELIVERY,5,0,"Hey, we are glad to have patrons like you and will strive towards providing better services to keep such reviews coming our way. Keep ordering.",2023-07-13 16:22:22,4.35.4,2023-07,5star,2023-H2,Positive Feedback/Praise,very nice delivery
Swiggy,2023-07-17 06:41:52,good food delivery app,5,0,"Hi there, thank you for your patronage and the perfect rating. We will strive to provide consistent seamless ordering experiences. Keep Swiggying!",2023-07-17 06:42:20,4.36.3,2023-07,5star,2023-H2,Positive Feedback/Praise,good food delivery app
Swiggy,2023-07-11 08:30:24,Very easily wayy to order a items,5,0,"Hi there, thank you for your patronage and the perfect rating. We will strive to provide consistent seamless ordering experiences. Keep Swiggying!",2023-07-11 08:32:20,,2023-07,5star,2023-H2,Positive Feedback/Praise,easy to order
